TransactionID,CustomerID,AccountID,AccountType,TransactionType,Product,Firm,Region,Manager,TransactionDate,TransactionAmount,AccountBalance,RiskScore,CreditRating,TenureMonths
1,CUST5500,ACC51009,Savings,Withdrawal,Savings Account,Firm B,West,Manager 4,03-10-2023,31344.13086,115611.43,0.50,721.00,76.00
2,CUST1223,ACC30146,Savings,Payment,Personal Loan,Firm B,West,Manager 1,02-10-2023,42545.84843,95213.01,0.37,786.00,14.00
3,CUST9169,ACC15925,Current,Withdrawal,Credit Card,Firm B,South,Manager 2,19-03-2024,33702.72532,56596.55,0.80,483.00,222.00
4,CUST8028,ACC94242,Current,Deposit,Savings Account,Firm D,South,Manager 1,26-03-2023,58110.03283,56169.76,0.60,765.00,79.00
5,CUST7395,ACC30852,Current,Transfer,Personal Loan,Firm D,East,Manager 4,12-09-2023,47335.25073,-13018.40,0.28,320.00,8.00
6,CUST4684,ACC66086,Savings,Payment,Personal Loan,Firm E,South,Manager 3,30-03-2024,98544.62891,121738.34,0.43,322.00,150.00
7,CUST2412,ACC80131,Loan,Withdrawal,Personal Loan,Firm C,West,Manager 3,08-06-2023,33759.69057,126486.41,0.23,611.00,89.00
8,CUST6210,ACC52131,Credit,Transfer,Home Loan,Firm D,East,Manager 1,23-03-2024,65632.21696,111070.36,0.25,617.00,36.00
9,CUST1415,ACC49422,Credit,Deposit,Home Loan,Firm B,West,Manager 4,06-08-2024,42782.35491,26288.26,0.48,377.00,11.00
10,CUST5428,ACC72197,Current,Transfer,Personal Loan,Firm C,East,Manager 4,02-06-2024,90783.79902,107039.17,0.50,782.00,13.00
11,CUST9169,ACC50817,Credit,Withdrawal,Savings Account,Firm D,North,Manager 1,12-10-2023,11626.33967,60065.23,0.95,354.00,98.00
12,CUST5609,ACC99549,Savings,Withdrawal,Personal Loan,Firm C,West,Manager 3,21-11-2023,79849.03381,145083.85,0.43,593.00,164.00
13,CUST6319,ACC22036,Credit,Transfer,Mutual Fund,Firm C,West,Manager 1,21-04-2024,44417.98551,43740.33,0.46,512.00,72.00
14,CUST1555,ACC42710,Current,Deposit,Credit Card,Firm C,West,Manager 4,30-04-2023,116115.919,100093.17,0.66,347.00,145.00
15,CUST2018,ACC21878,Credit,Payment,Credit Card,Firm D,Central,Manager 1,15-05-2024,32321.94828,71803.42,0.50,501.00,120.00
16,CUST1749,ACC15359,Loan,Deposit,Personal Loan,Firm B,West,Manager 1,20-10-2023,3960.920481,90623.62,0.24,630.00,235.00
17,CUST3153,ACC35419,Savings,Withdrawal,Home Loan,Firm D,North,Manager 2,06-10-2023,53516.17156,134781.58,0.27,435.00,72.00
18,CUST5664,ACC70460,Loan,Payment,Personal Loan,Firm B,North,Manager 2,17-07-2023,-8264.812373,114038.74,0.70,502.00,232.00
19,CUST8529,ACC92360,Credit,Payment,Mutual Fund,Firm E,South,Manager 3,01-01-2024,44638.67956,78439.80,0.50,415.00,115.00
20,CUST5705,ACC74631,Savings,Deposit,Credit Card,Firm C,East,Manager 4,06-10-2023,72334.05958,105445.87,0.49,766.00,106.00
21,CUST7493,ACC83269,Current,Transfer,Personal Loan,Firm C,East,Manager 2,26-02-2023,12005.30234,123404.53,0.44,337.00,39.00
22,CUST9038,ACC58078,Current,Transfer,Credit Card,Firm B,South,Manager 2,14-04-2023,28941.09657,88013.62,0.71,615.00,137.00
23,CUST3609,ACC95774,Loan,Payment,Savings Account,Firm B,West,Manager 2,05-11-2023,92621.19713,50879.05,0.69,488.00,115.00
24,CUST1547,ACC53466,Current,Deposit,Personal Loan,Firm D,Central,Manager 2,21-02-2023,61624.22968,58729.40,-0.01,675.00,222.00
25,CUST4855,ACC53865,Loan,Payment,Credit Card,Firm E,West,Manager 1,20-01-2024,49980.23329,105442.38,0.35,318.00,106.00
26,CUST1888,ACC30787,Loan,Withdrawal,Savings Account,Firm B,North,Manager 2,01-04-2024,-2111.157762,135221.22,0.13,682.00,9.00
27,CUST9038,ACC88516,Credit,Deposit,Personal Loan,Firm B,Central,Manager 3,02-04-2024,47445.17142,120804.18,0.21,829.00,203.00
29,CUST5610,ACC15228,Savings,Withdrawal,Savings Account,Firm D,North,Manager 1,02-12-2023,53057.53172,108572.47,0.23,342.00,131.00
30,CUST6082,ACC42903,Savings,Withdrawal,Personal Loan,Firm B,South,Manager 3,13-03-2023,72291.88568,70454.38,0.28,723.00,89.00
31,CUST2612,ACC18140,Savings,Payment,Home Loan,Firm E,East,Manager 1,16-04-2024,57987.89568,34655.26,0.58,334.00,162.00
32,CUST1114,ACC65144,Savings,Transfer,Mutual Fund,Firm D,South,Manager 2,01-08-2023,-3792.949822,56727.20,0.13,346.00,48.00
33,CUST3109,ACC49395,Savings,Transfer,Savings Account,Firm E,Central,Manager 4,26-07-2023,82314.48823,64385.39,0.45,650.00,92.00
34,CUST6937,ACC48303,Savings,Deposit,Savings Account,Firm D,South,Manager 2,19-11-2023,72174.90521,78521.95,0.62,470.00,6.00
35,CUST9754,ACC88286,Current,Payment,Home Loan,Firm C,South,Manager 3,04-01-2024,41063.17464,59743.08,0.08,527.00,135.00
36,CUST5500,ACC82298,Credit,Withdrawal,Home Loan,Firm C,North,Manager 3,30-03-2024,39161.11196,75463.16,0.20,614.00,184.00
37,CUST4794,ACC48501,Current,Deposit,Personal Loan,Firm E,West,Manager 3,20-01-2024,55611.99195,79509.68,0.32,361.00,148.00
38,CUST1547,ACC25811,Current,Withdrawal,Credit Card,Firm C,West,Manager 1,02-08-2024,77360.27971,95060.46,0.19,309.00,188.00
39,CUST1747,ACC52131,Current,Withdrawal,Credit Card,Firm A,South,Manager 2,01-02-2023,14517.92562,93724.25,0.46,658.00,132.00
40,CUST4003,ACC75675,Credit,Withdrawal,Mutual Fund,Firm E,North,Manager 3,01-12-2023,54698.83777,66886.45,0.70,620.00,191.00
41,CUST6526,ACC42710,Current,Withdrawal,Mutual Fund,Firm B,West,Manager 2,09-08-2023,66500.72676,46823.75,0.20,669.00,31.00
42,CUST2699,ACC39482,Loan,Withdrawal,Credit Card,Firm D,West,Manager 4,15-05-2024,42831.48483,123007.44,0.57,332.00,31.00
43,CUST9169,ACC25811,Savings,Transfer,Mutual Fund,Firm D,North,Manager 4,26-09-2023,16210.42058,57152.50,0.85,739.00,133.00
44,CUST8318,ACC51009,Credit,Withdrawal,Credit Card,Firm E,West,Manager 4,28-01-2023,53348.15016,54215.60,0.36,489.00,41.00
45,CUST1887,ACC51200,Current,Payment,Mutual Fund,Firm E,East,Manager 3,23-02-2023,73852.92323,91931.22,0.65,494.00,77.00
46,CUST7481,ACC29231,Savings,Transfer,Credit Card,Firm C,West,Manager 3,25-07-2023,46044.23085,46349.79,0.30,551.00,208.00
47,CUST8028,ACC34119,Savings,Withdrawal,Home Loan,Firm C,Central,Manager 3,07-05-2023,65626.44416,72102.28,0.74,580.00,211.00
48,CUST1467,ACC57700,Loan,Deposit,Mutual Fund,Firm A,West,Manager 4,02-06-2024,36008.0015,67792.61,0.71,433.00,222.00
49,CUST2412,ACC77773,Savings,Deposit,Home Loan,Firm A,East,Manager 2,22-06-2024,21935.83196,84066.95,0.17,565.00,27.00
50,CUST7793,ACC70314,Loan,Withdrawal,Savings Account,Firm A,North,Manager 1,25-04-2024,80193.9764,54419.08,0.60,794.00,43.00
51,CUST8028,ACC91723,Savings,Payment,Home Loan,Firm E,Central,Manager 1,01-01-2024,41326.22304,113108.23,0.65,752.00,95.00
52,CUST6549,ACC87602,Savings,Deposit,Personal Loan,Firm E,Central,Manager 4,16-08-2023,33793.07918,79417.81,0.51,820.00,192.00
53,CUST2716,ACC76597,Savings,Transfer,Savings Account,Firm E,North,Manager 1,15-05-2023,60719.08064,73186.96,0.71,839.00,72.00
54,CUST5545,ACC12182,Loan,Deposit,Home Loan,Firm A,South,Manager 4,08-04-2023,63230.96125,159827.66,0.52,534.00,70.00
55,CUST1223,ACC21719,Savings,Transfer,Mutual Fund,Firm D,East,Manager 4,23-04-2023,17180.88886,104487.09,0.44,408.00,48.00
56,CUST2539,ACC15925,Current,Payment,Savings Account,Firm A,North,Manager 1,18-02-2024,66147.80233,114055.25,0.39,758.00,90.00
58,CUST9535,ACC92360,Loan,Payment,Credit Card,Firm D,West,Manager 1,03-08-2023,42222.5982,69630.41,0.55,469.00,110.00
59,CUST4769,ACC34568,Loan,Withdrawal,Home Loan,Firm D,East,Manager 2,25-07-2023,57559.69967,70917.47,0.38,428.00,181.00
60,CUST2871,ACC75767,Credit,Transfer,Credit Card,Firm E,East,Manager 1,10-06-2023,80041.83714,100648.20,0.38,767.00,74.00
61,CUST2626,ACC99117,Savings,Deposit,Home Loan,Firm B,Central,Manager 2,21-05-2023,108398.88,45976.43,0.33,316.00,31.00
62,CUST4669,ACC11062,Loan,Withdrawal,Mutual Fund,Firm E,West,Manager 1,25-12-2023,35748.04389,105604.12,0.14,304.00,16.00
63,CUST4625,ACC82381,Loan,Payment,Personal Loan,Firm B,North,Manager 3,13-01-2023,8929.843643,82314.20,0.75,812.00,143.00
64,CUST1114,ACC25132,Savings,Transfer,Mutual Fund,Firm D,West,Manager 1,18-10-2023,70032.25271,71747.85,0.34,690.00,118.00
65,CUST4241,ACC26026,Credit,Withdrawal,Credit Card,Firm C,Central,Manager 2,26-04-2023,95960.61551,39441.56,-0.07,349.00,177.00
66,CUST3810,ACC65545,Loan,Payment,Home Loan,Firm D,North,Manager 2,15-01-2023,60138.38331,136450.92,0.82,644.00,39.00
67,CUST8416,ACC49422,Loan,Transfer,Savings Account,Firm B,South,Manager 1,01-08-2023,9816.891316,62410.54,0.34,699.00,22.00
68,CUST9525,ACC10117,Loan,Transfer,Savings Account,Firm C,North,Manager 1,25-11-2023,56317.92006,90780.26,0.28,769.00,137.00
69,CUST3315,ACC51593,Savings,Payment,Savings Account,Firm E,East,Manager 3,14-04-2023,10471.27873,60242.51,0.62,430.00,214.00
70,CUST9683,ACC62446,Savings,Deposit,Personal Loan,Firm B,South,Manager 2,28-09-2023,93077.20497,56329.38,0.30,825.00,87.00
71,CUST2188,ACC21429,Loan,Payment,Credit Card,Firm C,West,Manager 2,01-02-2023,30990.68988,85414.77,0.11,561.00,159.00
72,CUST7933,ACC88516,Savings,Payment,Credit Card,Firm A,West,Manager 3,05-05-2023,48136.71078,45803.35,0.32,667.00,102.00
73,CUST6776,ACC71426,Savings,Payment,Savings Account,Firm C,South,Manager 1,02-05-2024,38215.2402,98943.64,0.53,423.00,157.00
74,CUST3609,ACC81631,Loan,Payment,Personal Loan,Firm A,North,Manager 4,17-06-2023,48959.47031,94767.35,0.54,786.00,174.00
75,CUST3306,ACC45951,Loan,Withdrawal,Credit Card,Firm D,West,Manager 3,30-01-2023,42110.86685,49608.55,0.57,841.00,239.00
76,CUST2842,ACC45907,Current,Deposit,Mutual Fund,Firm C,West,Manager 4,20-06-2023,41924.00019,109760.27,0.40,600.00,17.00
77,CUST1569,ACC52650,Savings,Deposit,Home Loan,Firm B,Central,Manager 1,25-04-2024,7173.703028,81603.10,0.49,356.00,202.00
78,CUST6549,ACC91220,Loan,Deposit,Mutual Fund,Firm D,North,Manager 4,15-05-2024,38912.14124,79473.49,0.26,317.00,90.00
79,CUST1644,ACC77533,Credit,Payment,Personal Loan,Firm D,South,Manager 4,24-12-2023,-30826.7398,68006.04,0.49,678.00,42.00
80,CUST3762,ACC23736,Credit,Payment,Savings Account,Firm B,Central,Manager 4,01-06-2023,31731.60729,25566.17,0.64,649.00,82.00
81,CUST7793,ACC55331,Loan,Payment,Credit Card,Firm B,Central,Manager 4,13-03-2023,14766.1482,88446.18,0.13,645.00,133.00
82,CUST4584,ACC13357,Current,Transfer,Savings Account,Firm C,South,Manager 4,28-05-2024,64353.07817,17364.03,0.52,762.00,194.00
83,CUST5894,ACC19156,Savings,Transfer,Credit Card,Firm A,West,Manager 3,21-03-2024,20666.08062,82908.54,0.07,513.00,173.00
84,CUST5664,ACC30787,Credit,Payment,Savings Account,Firm A,North,Manager 2,05-02-2024,25491.4604,96304.85,0.40,366.00,191.00
85,CUST4855,ACC50439,Credit,Payment,Personal Loan,Firm A,North,Manager 3,03-05-2024,75344.75598,35235.41,0.65,661.00,33.00
86,CUST2527,ACC60432,Current,Payment,Home Loan,Firm D,South,Manager 2,23-10-2023,66265.30612,60392.79,0.17,795.00,190.00
87,CUST4438,ACC29646,Savings,Withdrawal,Credit Card,Firm C,North,Manager 2,29-11-2023,69030.20698,38157.29,0.56,431.00,71.00
88,CUST5428,ACC70460,Savings,Deposit,Home Loan,Firm E,Central,Manager 3,26-09-2023,84093.96793,92773.79,0.47,509.00,145.00
89,CUST2805,ACC64393,Savings,Transfer,Savings Account,Firm C,North,Manager 4,01-12-2023,73060.95086,106768.87,0.61,615.00,51.00
90,CUST4360,ACC37688,Current,Deposit,Personal Loan,Firm B,Central,Manager 1,14-07-2023,57075.20067,65027.00,0.49,785.00,130.00
91,CUST4884,ACC74631,Current,Payment,Mutual Fund,Firm E,Central,Manager 3,03-10-2023,32754.20789,98560.82,0.38,775.00,177.00
92,CUST2805,ACC22036,Current,Withdrawal,Credit Card,Firm C,South,Manager 4,10-03-2023,40081.30054,117892.62,0.33,500.00,36.00
93,CUST6319,ACC57700,Loan,Withdrawal,Credit Card,Firm A,Central,Manager 3,06-11-2024,74789.73457,109248.38,0.58,428.00,151.00
94,CUST4595,ACC13357,Current,Deposit,Credit Card,Firm C,South,Manager 3,17-02-2023,40511.1453,56392.33,0.39,442.00,164.00
95,CUST9528,ACC58667,Current,Deposit,Credit Card,Firm C,North,Manager 4,17-08-2023,82411.60996,25212.84,0.41,534.00,206.00
96,CUST6549,ACC92360,Credit,Transfer,Personal Loan,Firm A,East,Manager 4,14-02-2023,19684.70635,50632.50,0.23,795.00,153.00
97,CUST5545,ACC29477,Savings,Withdrawal,Savings Account,Firm C,North,Manager 1,21-03-2024,56877.08641,87758.17,0.35,428.00,84.00
98,CUST1749,ACC31902,Savings,Deposit,Savings Account,Firm C,West,Manager 2,02-12-2023,10610.70486,1982.87,0.67,757.00,75.00
99,CUST9066,ACC82298,Loan,Transfer,Mutual Fund,Firm E,North,Manager 2,06-06-2023,63867.23645,84870.92,0.63,789.00,196.00
100,CUST8279,ACC42467,Current,Withdrawal,Credit Card,Firm E,West,Manager 1,10-06-2023,52014.56995,125523.58,0.54,439.00,102.00
101,CUST4625,ACC67713,Current,Deposit,Mutual Fund,Firm A,South,Manager 2,01-10-2023,60816.42692,131231.67,0.59,625.00,126.00
102,CUST9535,ACC72197,Credit,Transfer,Credit Card,Firm D,South,Manager 4,03-12-2024,10338.56366,88133.22,0.42,692.00,180.00
103,CUST8279,ACC53466,Current,Withdrawal,Mutual Fund,Firm B,South,Manager 3,11-08-2023,57611.05134,26298.80,0.38,720.00,62.00
104,CUST1121,ACC34119,Current,Deposit,Savings Account,Firm B,North,Manager 4,01-02-2023,39180.29884,52870.35,0.34,371.00,97.00
105,CUST2427,ACC35163,Credit,Deposit,Mutual Fund,Firm B,Central,Manager 1,23-04-2023,56259.32447,102834.17,0.44,332.00,69.00
106,CUST4884,ACC34568,Loan,Payment,Savings Account,Firm B,South,Manager 2,15-05-2023,54193.89633,55331.94,1.09,429.00,31.00
107,CUST5912,ACC28612,Credit,Withdrawal,Credit Card,Firm C,West,Manager 3,30-04-2023,83026.25877,62674.47,0.38,703.00,136.00
108,CUST9439,ACC88286,Savings,Transfer,Mutual Fund,Firm C,North,Manager 1,15-04-2024,17561.01723,81462.13,0.36,463.00,203.00
109,CUST8416,ACC29396,Credit,Transfer,Credit Card,Firm D,North,Manager 3,30-04-2023,49112.88376,41026.91,0.13,727.00,129.00
110,CUST3602,ACC87602,Credit,Deposit,Mutual Fund,Firm B,South,Manager 2,19-11-2023,86118.13921,19367.89,0.43,355.00,99.00
111,CUST2942,ACC67713,Current,Deposit,Home Loan,Firm A,Central,Manager 3,16-04-2024,30635.17445,68878.30,0.43,729.00,75.00
112,CUST2527,ACC41829,Savings,Payment,Home Loan,Firm A,East,Manager 2,20-04-2024,51173.33583,86327.32,0.89,358.00,167.00
113,CUST4402,ACC28154,Savings,Transfer,Credit Card,Firm D,North,Manager 1,19-04-2023,46269.48058,33342.87,0.37,492.00,102.00
114,CUST1840,ACC88516,Loan,Transfer,Mutual Fund,Firm D,East,Manager 4,06-06-2023,38656.20688,79656.42,0.27,326.00,235.00
115,CUST1376,ACC97225,Current,Payment,Home Loan,Firm C,East,Manager 3,01-01-2024,15125.01626,91956.65,0.22,622.00,110.00
116,CUST8288,ACC55331,Loan,Transfer,Personal Loan,Firm B,South,Manager 2,26-04-2023,38439.32578,112434.71,0.25,648.00,206.00
117,CUST8091,ACC15671,Loan,Deposit,Personal Loan,Firm C,West,Manager 3,26-02-2023,46920.9745,3205.45,0.57,641.00,14.00
118,CUST5253,ACC26956,Savings,Transfer,Credit Card,Firm E,East,Manager 2,03-01-2024,26420.71866,81326.13,0.98,419.00,67.00
119,CUST5705,ACC95774,Loan,Payment,Mutual Fund,Firm A,South,Manager 2,19-09-2023,75681.32993,122563.66,0.67,634.00,92.00
120,CUST6082,ACC34821,Credit,Deposit,Savings Account,Firm B,South,Manager 1,26-09-2023,94441.6319,98721.09,0.17,633.00,61.00
121,CUST9564,ACC40952,Loan,Deposit,Savings Account,Firm E,Central,Manager 2,01-02-2023,15039.01132,127139.26,0.83,692.00,231.00
122,CUST2626,ACC60432,Loan,Payment,Savings Account,Firm A,West,Manager 1,09-06-2023,36319.02613,95189.17,0.40,811.00,153.00
123,CUST8461,ACC61926,Savings,Withdrawal,Credit Card,Firm A,South,Manager 2,11-06-2023,67370.5591,-9976.16,0.17,475.00,170.00
124,CUST1467,ACC74631,Current,Withdrawal,Home Loan,Firm D,North,Manager 2,11-08-2023,69319.19933,24834.76,0.34,817.00,174.00
125,CUST8279,ACC62446,Loan,Withdrawal,Credit Card,Firm C,Central,Manager 1,26-03-2023,44837.07729,101775.22,0.50,370.00,211.00
126,CUST2443,ACC94203,Current,Deposit,Mutual Fund,Firm C,Central,Manager 4,18-10-2023,64900.21103,73464.22,0.28,517.00,47.00
127,CUST9683,ACC40952,Credit,Withdrawal,Credit Card,Firm E,West,Manager 4,12-09-2023,24381.28854,32826.71,0.29,654.00,208.00
128,CUST4669,ACC88516,Current,Deposit,Savings Account,Firm B,North,Manager 2,13-03-2023,83996.5104,83778.09,0.24,518.00,164.00
129,CUST5894,ACC49140,Loan,Withdrawal,Personal Loan,Firm A,West,Manager 4,26-04-2023,-8237.127409,91607.39,0.55,494.00,187.00
130,CUST4201,ACC18140,Savings,Payment,Credit Card,Firm D,East,Manager 4,22-05-2024,73067.93901,145091.55,0.07,485.00,42.00
131,CUST2716,ACC34431,Credit,Transfer,Savings Account,Firm B,North,Manager 3,29-05-2023,68869.0151,95556.46,0.64,824.00,162.00
132,CUST5500,ACC29477,Loan,Deposit,Mutual Fund,Firm C,South,Manager 1,13-01-2023,34643.40564,60125.97,0.69,507.00,166.00
133,CUST3306,ACC29646,Loan,Transfer,Home Loan,Firm C,East,Manager 4,09-08-2023,-2711.640499,91243.03,0.39,487.00,200.00
134,CUST4402,ACC77638,Savings,Withdrawal,Personal Loan,Firm B,West,Manager 4,02-04-2023,34067.10215,61813.56,0.40,724.00,188.00
135,CUST8772,ACC89098,Current,Deposit,Credit Card,Firm B,South,Manager 1,06-08-2024,76459.33942,104078.92,0.49,396.00,236.00
136,CUST5255,ACC96868,Credit,Deposit,Home Loan,Firm E,South,Manager 2,02-08-2024,72497.70211,64128.74,0.73,385.00,236.00
137,CUST5705,ACC17688,Current,Withdrawal,Mutual Fund,Firm D,East,Manager 4,17-04-2023,68570.25322,88895.05,0.31,730.00,42.00
138,CUST1415,ACC15671,Current,Transfer,Credit Card,Firm A,East,Manager 2,23-10-2023,19635.72098,71185.92,0.03,779.00,237.00
139,CUST5664,ACC26026,Loan,Deposit,Mutual Fund,Firm A,Central,Manager 1,19-06-2023,31867.49805,60418.68,0.19,315.00,66.00
140,CUST8250,ACC92558,Credit,Withdrawal,Savings Account,Firm A,North,Manager 4,04-03-2023,33468.56508,49362.43,0.68,553.00,191.00
141,CUST7855,ACC35163,Loan,Payment,Savings Account,Firm B,East,Manager 4,16-02-2023,66607.44994,55988.20,0.70,836.00,84.00
142,CUST3762,ACC49774,Savings,Payment,Mutual Fund,Firm D,South,Manager 2,12-10-2023,73612.45423,95267.57,0.54,395.00,204.00
143,CUST4584,ACC43771,Credit,Payment,Savings Account,Firm A,North,Manager 1,16-03-2023,20398.88178,80387.99,0.60,596.00,203.00
144,CUST1747,ACC83005,Current,Payment,Mutual Fund,Firm E,North,Manager 3,18-03-2023,30631.05501,73349.73,0.65,711.00,8.00
145,CUST3041,ACC39500,Credit,Withdrawal,Personal Loan,Firm C,West,Manager 2,17-04-2023,66233.96119,53552.91,0.26,619.00,45.00
146,CUST2109,ACC22255,Credit,Withdrawal,Credit Card,Firm C,North,Manager 2,28-09-2023,80648.98505,46134.39,0.48,625.00,73.00
147,CUST1223,ACC24981,Loan,Payment,Credit Card,Firm C,South,Manager 2,22-03-2024,77138.36151,105763.06,0.87,771.00,33.00
148,CUST4201,ACC53466,Loan,Withdrawal,Savings Account,Firm D,Central,Manager 3,08-11-2023,87875.74087,63230.12,0.12,800.00,214.00
149,CUST1415,ACC60432,Savings,Payment,Savings Account,Firm A,East,Manager 2,03-08-2023,5215.524526,147126.87,0.31,644.00,157.00
150,CUST9683,ACC48303,Savings,Payment,Personal Loan,Firm B,North,Manager 4,18-08-2023,30511.51892,72026.45,0.42,770.00,84.00
151,CUST9666,ACC71426,Current,Transfer,Home Loan,Firm C,East,Manager 1,06-07-2024,81214.01431,39068.58,0.13,332.00,142.00
152,CUST6837,ACC88449,Credit,Deposit,Mutual Fund,Firm D,West,Manager 2,13-03-2023,66756.31051,70364.86,0.86,728.00,71.00
153,CUST5351,ACC32890,Current,Transfer,Home Loan,Firm D,East,Manager 3,19-07-2023,73070.42971,52649.24,0.65,344.00,144.00
154,CUST1042,ACC82298,Loan,Transfer,Home Loan,Firm E,North,Manager 2,02-09-2024,107348.8879,66411.94,0.55,676.00,182.00
155,CUST4438,ACC21264,Loan,Deposit,Credit Card,Firm B,East,Manager 1,21-11-2023,56732.60703,60770.65,0.05,743.00,113.00
156,CUST7933,ACC73104,Savings,Deposit,Home Loan,Firm C,West,Manager 3,14-07-2023,123955.6078,67783.15,0.39,781.00,217.00
157,CUST5558,ACC52131,Current,Payment,Credit Card,Firm A,East,Manager 4,17-06-2023,98156.09257,76936.94,0.89,436.00,63.00
158,CUST8155,ACC99549,Credit,Payment,Personal Loan,Firm A,East,Manager 1,04-03-2023,103449.411,113021.99,0.09,380.00,190.00
159,CUST7459,ACC43771,Savings,Withdrawal,Savings Account,Firm B,West,Manager 3,07-06-2023,12420.70386,56514.88,0.24,677.00,64.00
160,CUST6330,ACC76549,Savings,Withdrawal,Mutual Fund,Firm B,North,Manager 3,20-10-2023,86762.88766,75274.39,0.46,731.00,176.00
161,CUST7028,ACC21264,Loan,Transfer,Credit Card,Firm A,North,Manager 1,02-12-2023,53710.23596,99039.22,0.79,506.00,202.00
162,CUST6210,ACC66086,Loan,Transfer,Credit Card,Firm B,North,Manager 2,09-08-2023,37293.59073,25729.47,0.74,464.00,34.00
163,CUST7255,ACC34821,Loan,Withdrawal,Home Loan,Firm A,North,Manager 3,21-06-2024,36127.89455,64371.93,0.57,761.00,22.00
164,CUST4669,ACC74656,Current,Withdrawal,Savings Account,Firm A,East,Manager 4,28-01-2023,65214.97531,78890.88,0.36,453.00,39.00
165,CUST9535,ACC50817,Savings,Deposit,Mutual Fund,Firm A,East,Manager 4,22-10-2023,29747.40747,-13812.69,0.20,624.00,167.00
166,CUST2805,ACC13357,Loan,Transfer,Home Loan,Firm A,South,Manager 1,17-11-2023,23715.54865,48323.63,0.41,572.00,87.00
167,CUST7855,ACC11188,Savings,Payment,Personal Loan,Firm B,North,Manager 1,17-08-2023,61343.12824,110972.96,0.31,329.00,177.00
168,CUST9535,ACC82947,Current,Withdrawal,Home Loan,Firm A,South,Manager 4,30-04-2023,70903.79697,73073.64,0.57,626.00,92.00
169,CUST8765,ACC28295,Current,Deposit,Home Loan,Firm B,South,Manager 1,06-07-2024,-405.1526228,110327.94,0.87,392.00,111.00
170,CUST6028,ACC64785,Loan,Payment,Credit Card,Firm A,East,Manager 1,01-04-2024,46040.19807,111654.17,0.90,760.00,213.00
171,CUST7481,ACC65545,Credit,Transfer,Mutual Fund,Firm D,South,Manager 4,19-07-2023,6116.020637,51256.76,0.64,431.00,146.00
172,CUST8091,ACC97225,Current,Payment,Credit Card,Firm D,East,Manager 4,01-12-2024,30137.9582,34049.63,0.50,554.00,193.00
173,CUST4241,ACC61926,Credit,Payment,Mutual Fund,Firm D,East,Manager 2,08-10-2023,10393.20979,32594.71,0.53,501.00,101.00
174,CUST2464,ACC32890,Savings,Deposit,Personal Loan,Firm A,North,Manager 1,19-06-2023,-6399.815338,4833.66,0.48,820.00,30.00
175,CUST6082,ACC29356,Credit,Withdrawal,Personal Loan,Firm C,East,Manager 3,28-09-2023,55684.19736,98879.25,0.56,740.00,119.00
176,CUST6029,ACC57872,Savings,Deposit,Mutual Fund,Firm A,North,Manager 4,13-03-2023,50341.82554,17102.46,0.50,304.00,54.00
177,CUST2427,ACC19178,Savings,Payment,Mutual Fund,Firm B,West,Manager 1,05-11-2023,-2413.405843,100177.14,0.62,488.00,236.00
178,CUST2915,ACC45907,Loan,Withdrawal,Savings Account,Firm E,East,Manager 3,26-07-2023,17331.90707,-3430.67,0.71,437.00,195.00
179,CUST8155,ACC83269,Loan,Withdrawal,Mutual Fund,Firm A,East,Manager 4,14-04-2023,62666.16739,54430.49,0.63,388.00,209.00
180,CUST2018,ACC24070,Savings,Withdrawal,Credit Card,Firm A,East,Manager 2,26-10-2023,75840.86116,107650.89,0.27,386.00,15.00
181,CUST3725,ACC10996,Credit,Transfer,Savings Account,Firm D,South,Manager 4,11-06-2023,-9775.982714,105586.15,0.18,383.00,172.00
182,CUST3015,ACC71388,Credit,Payment,Mutual Fund,Firm B,South,Manager 2,26-03-2023,59191.49384,112587.50,0.50,736.00,75.00
183,CUST2457,ACC94242,Savings,Payment,Credit Card,Firm D,West,Manager 2,02-06-2024,78790.73888,68195.27,0.88,377.00,182.00
184,CUST6735,ACC23736,Loan,Deposit,Credit Card,Firm A,South,Manager 1,24-09-2023,41174.66984,107938.06,0.17,641.00,209.00
185,CUST4625,ACC92104,Loan,Transfer,Credit Card,Firm C,Central,Manager 4,21-10-2023,84406.72004,144426.09,0.26,513.00,174.00
186,CUST3609,ACC94203,Savings,Payment,Home Loan,Firm C,North,Manager 4,21-06-2024,38057.20504,69875.11,0.06,380.00,192.00
187,CUST3449,ACC58078,Savings,Payment,Credit Card,Firm E,North,Manager 4,17-01-2023,77315.36547,87383.56,0.70,414.00,82.00
188,CUST6319,ACC11062,Current,Payment,Home Loan,Firm E,North,Manager 1,01-08-2024,65201.42294,17087.28,0.25,340.00,222.00
189,CUST8288,ACC15359,Credit,Transfer,Savings Account,Firm E,North,Manager 4,24-05-2023,60806.81943,127058.39,-0.06,461.00,178.00
190,CUST4584,ACC28305,Savings,Deposit,Savings Account,Firm C,Central,Manager 1,21-10-2023,32901.74081,48338.94,0.70,843.00,200.00
191,CUST2842,ACC55729,Loan,Transfer,Savings Account,Firm A,East,Manager 2,14-07-2023,79901.51035,33162.30,0.88,586.00,106.00
192,CUST9525,ACC82298,Current,Transfer,Home Loan,Firm C,South,Manager 4,01-06-2023,12602.72841,14886.63,0.42,628.00,103.00
193,CUST4679,ACC94203,Current,Transfer,Savings Account,Firm C,North,Manager 2,06-10-2023,19994.11055,127869.65,0.48,606.00,192.00
194,CUST3041,ACC17688,Credit,Payment,Savings Account,Firm E,Central,Manager 4,22-10-2023,19249.86135,53530.16,0.51,673.00,101.00
195,CUST7120,ACC42710,Current,Transfer,Mutual Fund,Firm B,North,Manager 4,22-03-2024,113961.3733,90617.08,-0.04,338.00,203.00
196,CUST3109,ACC18057,Savings,Withdrawal,Credit Card,Firm B,Central,Manager 3,03-08-2023,26690.67358,108654.95,0.34,405.00,10.00
197,CUST9731,ACC30852,Current,Withdrawal,Personal Loan,Firm C,East,Manager 4,19-06-2023,68715.79918,83637.99,0.25,334.00,11.00
198,CUST8765,ACC99549,Savings,Deposit,Credit Card,Firm B,West,Manager 2,18-03-2023,2521.84752,91557.36,0.34,747.00,110.00
199,CUST7388,ACC72197,Current,Payment,Home Loan,Firm B,West,Manager 2,19-07-2023,55395.08864,96832.92,0.71,787.00,117.00
200,CUST1962,ACC71388,Credit,Transfer,Mutual Fund,Firm B,East,Manager 3,18-06-2023,42952.7079,73859.02,0.77,369.00,65.00
201,CUST7028,ACC51009,Credit,Deposit,Mutual Fund,Firm C,East,Manager 1,30-12-2023,34175.83602,18783.13,0.19,350.00,147.00
202,CUST6735,ACC28305,Loan,Withdrawal,Savings Account,Firm C,West,Manager 1,26-03-2023,-739.3925648,51949.38,0.39,645.00,16.00
203,CUST8250,ACC77533,Credit,Transfer,Credit Card,Firm E,Central,Manager 2,22-05-2024,69245.74015,128457.14,-0.33,737.00,153.00
204,CUST7730,ACC81631,Current,Transfer,Savings Account,Firm B,West,Manager 4,21-10-2023,81629.21747,78604.79,0.58,358.00,182.00
205,CUST2349,ACC38559,Savings,Payment,Savings Account,Firm C,South,Manager 3,22-03-2024,-10403.55494,54213.31,0.75,626.00,76.00
206,CUST6947,ACC64393,Current,Payment,Mutual Fund,Firm E,Central,Manager 1,14-03-2024,55051.87143,95668.29,0.19,328.00,26.00
207,CUST3131,ACC64785,Loan,Transfer,Savings Account,Firm C,East,Manager 2,03-01-2024,60193.6865,73045.44,0.32,423.00,156.00
208,CUST7395,ACC99409,Loan,Withdrawal,Home Loan,Firm A,West,Manager 4,12-10-2023,97158.08018,54295.88,0.47,720.00,135.00
209,CUST5610,ACC29007,Loan,Transfer,Home Loan,Firm E,West,Manager 1,06-10-2023,28330.10269,63072.72,0.54,549.00,129.00
210,CUST1749,ACC99117,Current,Payment,Personal Loan,Firm E,West,Manager 4,29-11-2023,-24819.84559,101124.98,0.97,628.00,202.00
211,CUST6038,ACC57516,Credit,Transfer,Credit Card,Firm D,South,Manager 2,03-05-2024,103529.0563,107158.80,0.45,754.00,150.00
212,CUST1497,ACC88074,Current,Transfer,Mutual Fund,Firm B,East,Manager 3,03-05-2024,-45352.95439,96125.56,-0.20,668.00,36.00
213,CUST9216,ACC45951,Savings,Deposit,Savings Account,Firm D,South,Manager 2,21-11-2023,45094.6069,60020.30,0.41,734.00,39.00
214,CUST5916,ACC94907,Loan,Withdrawal,Credit Card,Firm E,North,Manager 4,21-03-2024,52454.57463,40431.59,0.04,713.00,111.00
215,CUST2349,ACC16664,Savings,Withdrawal,Mutual Fund,Firm E,South,Manager 2,11-07-2023,75653.2857,100134.40,0.42,529.00,220.00
216,CUST1749,ACC24880,Credit,Withdrawal,Savings Account,Firm C,Central,Manager 3,15-05-2024,61034.46765,35846.56,0.39,476.00,68.00
217,CUST2067,ACC45907,Loan,Deposit,Credit Card,Firm C,North,Manager 2,14-07-2023,8346.938554,63182.03,0.29,414.00,33.00
218,CUST5545,ACC26973,Current,Transfer,Personal Loan,Firm B,Central,Manager 4,16-06-2024,71625.996,95513.01,0.78,562.00,20.00
219,CUST3131,ACC29356,Loan,Deposit,Credit Card,Firm A,South,Manager 1,18-08-2023,61218.30248,33466.40,0.19,480.00,89.00
220,CUST5574,ACC77773,Current,Payment,Savings Account,Firm E,Central,Manager 1,25-07-2023,48759.097,56796.94,0.58,695.00,221.00
221,CUST1189,ACC78581,Credit,Transfer,Savings Account,Firm D,North,Manager 2,01-09-2023,25921.35123,72078.33,0.26,611.00,34.00
222,CUST3762,ACC77533,Loan,Payment,Personal Loan,Firm A,South,Manager 3,26-10-2023,69151.68817,67674.78,0.23,755.00,56.00
223,CUST5253,ACC61926,Current,Withdrawal,Credit Card,Firm C,South,Manager 3,14-07-2023,58021.63324,43922.37,0.38,327.00,121.00
224,CUST6038,ACC83269,Loan,Withdrawal,Savings Account,Firm C,North,Manager 2,02-05-2024,43845.86062,65073.93,0.78,547.00,116.00
225,CUST8344,ACC33287,Credit,Withdrawal,Credit Card,Firm A,West,Manager 4,06-06-2023,41495.61915,183836.93,0.40,710.00,7.00
226,CUST3378,ACC57597,Current,Deposit,Home Loan,Firm C,South,Manager 3,04-03-2023,52144.2015,54847.99,0.48,553.00,68.00
227,CUST6525,ACC97411,Credit,Deposit,Savings Account,Firm D,West,Manager 1,03-05-2024,46531.83478,83133.97,0.68,837.00,224.00
228,CUST9754,ACC21878,Credit,Withdrawal,Personal Loan,Firm B,Central,Manager 4,17-08-2023,25009.13183,56724.46,0.45,355.00,177.00
229,CUST2626,ACC39500,Loan,Deposit,Savings Account,Firm E,South,Manager 4,01-04-2024,86403.74607,72031.83,0.40,692.00,57.00
230,CUST4258,ACC21429,Savings,Transfer,Mutual Fund,Firm C,Central,Manager 4,24-09-2023,58988.15624,68573.35,0.69,473.00,175.00
231,CUST1768,ACC49180,Savings,Withdrawal,Savings Account,Firm E,South,Manager 2,03-02-2024,37023.53295,91832.49,0.88,306.00,125.00
232,CUST9439,ACC50817,Credit,Transfer,Home Loan,Firm C,West,Manager 2,22-06-2024,30400.20799,72838.62,0.49,787.00,126.00
233,CUST6292,ACC72197,Loan,Withdrawal,Personal Loan,Firm A,West,Manager 2,03-02-2024,41245.47749,68121.92,0.85,782.00,128.00
234,CUST5545,ACC15671,Credit,Payment,Credit Card,Firm A,East,Manager 3,13-09-2023,110061.1202,22831.02,1.05,827.00,87.00
235,CUST7459,ACC94242,Credit,Payment,Credit Card,Firm C,East,Manager 3,08-04-2023,30480.80687,109343.11,0.61,630.00,22.00
236,CUST4763,ACC40952,Savings,Deposit,Savings Account,Firm A,North,Manager 2,18-02-2024,64380.25575,104144.89,0.84,736.00,94.00
237,CUST6292,ACC94242,Savings,Transfer,Personal Loan,Firm B,East,Manager 1,23-02-2023,61018.04961,34656.53,0.55,558.00,170.00
238,CUST5500,ACC45101,Current,Withdrawal,Credit Card,Firm E,West,Manager 3,14-04-2023,19179.48066,91334.87,0.41,496.00,209.00
239,CUST1498,ACC22036,Credit,Deposit,Home Loan,Firm B,East,Manager 3,24-11-2023,58863.70035,126862.25,0.46,600.00,64.00
240,CUST6735,ACC80131,Loan,Deposit,Credit Card,Firm C,East,Manager 3,17-07-2023,18774.68702,50188.47,0.57,567.00,234.00
241,CUST4884,ACC34821,Credit,Withdrawal,Savings Account,Firm B,Central,Manager 4,19-10-2023,44762.41984,87793.42,0.31,724.00,6.00
242,CUST2842,ACC64022,Savings,Payment,Credit Card,Firm B,West,Manager 3,23-08-2023,70150.74275,33394.31,0.15,361.00,190.00
243,CUST8344,ACC17688,Loan,Deposit,Mutual Fund,Firm D,South,Manager 3,06-10-2023,48549.00297,45089.22,0.46,442.00,229.00
244,CUST4884,ACC32627,Savings,Withdrawal,Home Loan,Firm D,East,Manager 3,03-01-2024,29331.76807,93366.88,0.32,660.00,146.00
245,CUST5320,ACC57597,Savings,Transfer,Savings Account,Firm B,North,Manager 3,02-05-2023,109048.0835,22530.71,0.59,481.00,209.00
246,CUST7730,ACC55331,Credit,Payment,Home Loan,Firm E,North,Manager 4,17-02-2023,116048.6266,94734.89,0.53,676.00,110.00
247,CUST5609,ACC29231,Savings,Payment,Home Loan,Firm E,Central,Manager 2,05-02-2024,58477.09911,85939.36,0.11,631.00,53.00
248,CUST6837,ACC32627,Loan,Payment,Credit Card,Firm B,South,Manager 2,13-02-2024,74404.06634,89433.79,0.92,847.00,205.00
249,CUST3041,ACC15359,Current,Deposit,Personal Loan,Firm C,North,Manager 3,02-08-2024,55553.11654,76619.15,0.55,831.00,16.00
250,CUST4373,ACC10996,Credit,Deposit,Savings Account,Firm B,South,Manager 1,07-01-2023,81608.80093,67810.12,0.51,694.00,103.00
251,CUST1121,ACC95774,Savings,Payment,Mutual Fund,Firm E,East,Manager 2,25-11-2023,48329.69573,73060.90,0.41,681.00,239.00
252,CUST1644,ACC25132,Loan,Payment,Personal Loan,Firm E,South,Manager 4,05-03-2023,58653.33919,109351.65,0.27,539.00,184.00
253,CUST2805,ACC65545,Credit,Transfer,Personal Loan,Firm B,North,Manager 2,13-02-2024,42525.62472,91348.53,0.59,417.00,45.00
254,CUST2357,ACC97225,Credit,Deposit,Mutual Fund,Firm A,East,Manager 3,02-04-2023,81537.99377,85952.52,1.15,578.00,124.00
255,CUST3602,ACC31539,Credit,Transfer,Home Loan,Firm B,West,Manager 3,16-08-2023,60817.62924,54228.61,0.35,780.00,64.00
256,CUST2612,ACC29477,Savings,Withdrawal,Savings Account,Firm E,West,Manager 2,02-04-2024,-6611.972573,66844.58,0.29,746.00,122.00
257,CUST6210,ACC51200,Current,Deposit,Mutual Fund,Firm C,East,Manager 3,17-04-2023,48584.88788,54837.67,0.38,604.00,82.00
258,CUST6391,ACC26940,Current,Payment,Home Loan,Firm A,South,Manager 4,16-03-2023,-25964.94612,94822.30,0.64,315.00,209.00
259,CUST6525,ACC87602,Loan,Deposit,Home Loan,Firm C,Central,Manager 2,25-07-2023,42861.34782,102611.78,0.73,321.00,26.00
260,CUST2457,ACC49422,Savings,Transfer,Personal Loan,Firm A,Central,Manager 4,21-03-2024,119847.885,27825.99,0.34,521.00,168.00
261,CUST9731,ACC38559,Credit,Withdrawal,Home Loan,Firm D,West,Manager 4,19-09-2023,22231.95786,114384.31,0.54,818.00,143.00
262,CUST2541,ACC69323,Loan,Transfer,Home Loan,Firm A,Central,Manager 4,19-06-2023,42177.8574,108832.32,0.63,744.00,53.00
263,CUST7395,ACC19178,Loan,Withdrawal,Credit Card,Firm D,Central,Manager 1,21-02-2024,38054.47923,78377.86,0.19,631.00,147.00
264,CUST9535,ACC97411,Savings,Transfer,Mutual Fund,Firm D,West,Manager 1,02-05-2023,66911.13337,17836.87,0.70,490.00,26.00
265,CUST4679,ACC15228,Current,Withdrawal,Mutual Fund,Firm A,East,Manager 3,14-04-2023,31941.48488,52956.61,0.43,511.00,71.00
266,CUST9666,ACC49140,Current,Withdrawal,Personal Loan,Firm C,South,Manager 3,23-08-2023,-10422.03511,65497.41,0.30,575.00,138.00
267,CUST6082,ACC26973,Current,Withdrawal,Credit Card,Firm B,East,Manager 2,24-09-2023,77372.11748,68437.86,0.55,707.00,111.00
268,CUST2541,ACC45101,Savings,Withdrawal,Credit Card,Firm C,West,Manager 2,01-04-2024,22022.26788,87234.85,0.94,553.00,162.00
269,CUST7120,ACC15228,Savings,Withdrawal,Personal Loan,Firm A,North,Manager 2,11-07-2023,50510.74966,20535.71,0.53,315.00,62.00
270,CUST3609,ACC29007,Loan,Payment,Mutual Fund,Firm A,North,Manager 3,13-02-2024,49643.03412,159321.43,0.59,799.00,119.00
271,CUST8266,ACC88074,Savings,Payment,Credit Card,Firm C,East,Manager 2,05-04-2023,85829.02215,70145.22,0.53,326.00,187.00
272,CUST7255,ACC29646,Savings,Payment,Savings Account,Firm D,South,Manager 2,17-01-2024,84765.54416,116512.08,0.13,809.00,181.00
273,CUST8344,ACC40939,Savings,Transfer,Savings Account,Firm B,East,Manager 1,11-07-2023,46632.88907,91900.49,0.86,390.00,28.00
274,CUST6837,ACC77773,Loan,Transfer,Mutual Fund,Firm A,East,Manager 3,17-12-2023,33243.89202,102909.39,0.53,529.00,224.00
275,CUST8279,ACC45907,Savings,Withdrawal,Savings Account,Firm D,North,Manager 4,26-05-2023,125896.5173,26843.02,0.19,515.00,206.00
276,CUST8772,ACC30852,Credit,Withdrawal,Mutual Fund,Firm D,East,Manager 3,08-04-2023,29058.64549,96421.67,0.32,483.00,29.00
277,CUST8765,ACC42903,Loan,Deposit,Mutual Fund,Firm B,East,Manager 1,10-04-2023,90395.10944,47248.11,0.89,644.00,219.00
278,CUST5894,ACC86784,Current,Withdrawal,Home Loan,Firm B,South,Manager 1,15-01-2023,83986.25706,18180.03,0.92,722.00,80.00
279,CUST8765,ACC32212,Credit,Transfer,Home Loan,Firm A,North,Manager 4,15-05-2023,83277.04235,47811.63,0.99,333.00,215.00
280,CUST4373,ACC57597,Loan,Transfer,Mutual Fund,Firm D,East,Manager 4,19-11-2023,56152.52527,64122.81,0.64,525.00,153.00
281,CUST5351,ACC12182,Savings,Transfer,Savings Account,Firm E,North,Manager 4,06-10-2023,48435.9967,132799.23,0.17,552.00,23.00
282,CUST1189,ACC32627,Loan,Deposit,Credit Card,Firm B,East,Manager 1,26-10-2023,47113.79711,74224.31,0.52,496.00,193.00
283,CUST4794,ACC34431,Loan,Payment,Savings Account,Firm C,North,Manager 1,20-01-2024,67106.29465,54852.59,0.60,774.00,163.00
284,CUST1913,ACC33287,Current,Transfer,Personal Loan,Firm B,East,Manager 4,08-11-2023,104219.3432,67057.55,0.49,513.00,63.00
285,CUST5664,ACC55331,Credit,Transfer,Savings Account,Firm A,South,Manager 4,23-02-2023,-905.4615242,93171.67,0.21,849.00,178.00
286,CUST1223,ACC29231,Current,Transfer,Savings Account,Firm C,East,Manager 4,21-01-2023,72663.75126,111239.97,0.30,669.00,171.00
287,CUST8660,ACC45968,Savings,Deposit,Savings Account,Firm B,East,Manager 3,30-01-2023,44863.3014,37896.36,0.43,384.00,47.00
288,CUST3778,ACC88252,Current,Withdrawal,Home Loan,Firm C,Central,Manager 3,20-11-2023,18936.48795,68246.80,0.53,826.00,27.00
289,CUST9038,ACC70460,Credit,Payment,Personal Loan,Firm E,North,Manager 2,13-01-2023,106632.5745,91606.65,0.65,774.00,190.00
290,CUST6319,ACC83581,Credit,Withdrawal,Personal Loan,Firm D,South,Manager 4,15-04-2024,23416.19231,125411.39,0.84,695.00,33.00
291,CUST4763,ACC60432,Savings,Transfer,Mutual Fund,Firm A,North,Manager 4,03-06-2023,51599.86914,71368.06,0.74,565.00,80.00
292,CUST2349,ACC61827,Credit,Payment,Home Loan,Firm B,South,Manager 2,27-05-2024,33306.53184,11724.52,0.67,437.00,156.00
293,CUST7887,ACC11285,Loan,Withdrawal,Savings Account,Firm B,North,Manager 4,06-08-2024,84119.8765,77599.99,-0.33,558.00,17.00
294,CUST9564,ACC21878,Current,Deposit,Personal Loan,Firm E,North,Manager 4,15-04-2024,57734.38952,117544.20,0.40,553.00,193.00
295,CUST2915,ACC80442,Credit,Deposit,Savings Account,Firm B,North,Manager 1,19-07-2023,17241.21455,65006.68,0.84,426.00,230.00
296,CUST2578,ACC64785,Credit,Transfer,Home Loan,Firm C,South,Manager 3,19-06-2023,42802.68233,85417.44,0.55,612.00,109.00
297,CUST1644,ACC62446,Loan,Transfer,Savings Account,Firm A,West,Manager 3,07-05-2023,1792.638502,160065.35,-0.21,733.00,209.00
298,CUST1467,ACC42710,Credit,Transfer,Savings Account,Firm C,Central,Manager 1,03-05-2024,100163.1302,75255.03,0.37,698.00,114.00
299,CUST7173,ACC86784,Credit,Transfer,Credit Card,Firm C,East,Manager 2,17-12-2023,94682.42154,58905.59,0.15,836.00,121.00
300,CUST7395,ACC67701,Current,Transfer,Home Loan,Firm E,West,Manager 1,15-05-2024,6808.22606,142300.05,0.63,699.00,14.00
301,CUST7028,ACC45907,Savings,Withdrawal,Personal Loan,Firm A,North,Manager 4,18-10-2023,59026.9244,87110.55,0.09,815.00,190.00
302,CUST4884,ACC29356,Current,Deposit,Credit Card,Firm C,South,Manager 2,16-04-2024,35748.19286,87699.70,0.53,445.00,18.00
303,CUST5664,ACC21264,Credit,Payment,Savings Account,Firm D,West,Manager 3,18-06-2023,26566.33061,29049.40,0.40,579.00,172.00
304,CUST4258,ACC28295,Loan,Payment,Home Loan,Firm C,South,Manager 1,04-11-2023,22142.75544,68873.05,0.60,575.00,142.00
305,CUST5574,ACC89098,Current,Withdrawal,Savings Account,Firm D,North,Manager 1,22-10-2023,-6892.749584,71282.76,0.14,818.00,200.00
306,CUST1223,ACC51009,Credit,Payment,Mutual Fund,Firm D,East,Manager 1,30-03-2024,78691.7008,63415.25,0.23,347.00,46.00
307,CUST9528,ACC58078,Savings,Payment,Credit Card,Firm B,North,Manager 4,22-06-2024,43329.95027,98753.52,0.47,846.00,158.00
308,CUST1747,ACC94242,Credit,Deposit,Home Loan,Firm D,South,Manager 4,07-01-2023,54945.6746,35762.60,0.65,784.00,209.00
309,CUST4669,ACC49140,Savings,Withdrawal,Savings Account,Firm A,South,Manager 3,17-07-2023,8701.54469,95446.25,0.45,704.00,104.00
310,CUST5385,ACC95164,Current,Deposit,Home Loan,Firm D,West,Manager 1,18-03-2023,69990.72241,67861.06,0.45,401.00,88.00
311,CUST4780,ACC24070,Current,Deposit,Home Loan,Firm D,East,Manager 3,30-09-2023,34924.07278,89125.64,0.74,788.00,43.00
312,CUST4763,ACC75675,Loan,Payment,Mutual Fund,Firm C,East,Manager 1,03-06-2023,28422.89166,83680.00,0.55,822.00,189.00
313,CUST3602,ACC83848,Savings,Payment,Credit Card,Firm C,Central,Manager 4,14-03-2024,22934.37608,52245.67,0.86,308.00,75.00
314,CUST8772,ACC70741,Savings,Deposit,Savings Account,Firm A,Central,Manager 2,09-11-2023,57096.8969,77601.18,0.44,546.00,88.00
315,CUST5105,ACC64022,Credit,Payment,Savings Account,Firm C,Central,Manager 3,06-06-2023,32789.18651,127694.52,0.65,771.00,138.00
316,CUST5574,ACC29007,Current,Withdrawal,Savings Account,Firm A,East,Manager 1,24-05-2024,80884.33957,77522.67,0.62,645.00,184.00
317,CUST1962,ACC42903,Current,Payment,Savings Account,Firm D,South,Manager 1,23-02-2023,73093.22065,35658.34,0.54,522.00,236.00
318,CUST8416,ACC15228,Savings,Transfer,Savings Account,Firm A,South,Manager 4,12-09-2023,57066.02348,53228.74,0.86,843.00,106.00
319,CUST5174,ACC82381,Credit,Transfer,Credit Card,Firm B,East,Manager 1,11-08-2023,57193.9789,60485.16,0.72,821.00,11.00
320,CUST6391,ACC77773,Savings,Transfer,Home Loan,Firm A,West,Manager 4,17-06-2023,16981.22179,71351.03,0.69,572.00,157.00
321,CUST7493,ACC88286,Current,Transfer,Personal Loan,Firm A,East,Manager 3,15-05-2023,21331.63512,38679.07,0.30,616.00,144.00
322,CUST1415,ACC92558,Loan,Deposit,Credit Card,Firm E,South,Manager 2,02-09-2024,75970.05849,78412.85,0.29,602.00,92.00
323,CUST6330,ACC23985,Savings,Transfer,Credit Card,Firm A,North,Manager 1,01-06-2023,46701.83205,114126.29,0.24,323.00,20.00
324,CUST8266,ACC67701,Savings,Withdrawal,Savings Account,Firm B,West,Manager 3,21-02-2023,90149.40097,57872.86,-0.05,454.00,110.00
325,CUST1042,ACC71426,Savings,Deposit,Savings Account,Firm B,West,Manager 1,03-06-2023,74553.1927,56412.94,0.77,652.00,94.00
326,CUST3153,ACC90887,Savings,Deposit,Personal Loan,Firm D,West,Manager 2,30-04-2023,-14799.65488,20517.31,0.43,732.00,128.00
327,CUST6038,ACC51593,Loan,Transfer,Savings Account,Firm D,Central,Manager 4,13-03-2023,28910.04358,69506.44,0.28,846.00,124.00
328,CUST7855,ACC95164,Savings,Payment,Home Loan,Firm C,North,Manager 3,26-10-2023,143067.1846,73627.79,0.75,582.00,226.00
329,CUST9528,ACC55331,Current,Transfer,Mutual Fund,Firm A,East,Manager 1,17-02-2024,38438.66173,70934.77,0.39,402.00,58.00
330,CUST7730,ACC94203,Loan,Payment,Home Loan,Firm A,West,Manager 2,21-02-2023,38757.88832,46073.83,0.51,780.00,100.00
331,CUST9439,ACC32212,Loan,Payment,Savings Account,Firm A,South,Manager 4,04-01-2024,73928.53843,48320.94,0.21,736.00,7.00
332,CUST5916,ACC32212,Savings,Payment,Credit Card,Firm A,East,Manager 4,02-12-2023,17342.81424,61763.63,0.49,697.00,69.00
333,CUST9420,ACC51009,Credit,Deposit,Home Loan,Firm D,East,Manager 2,22-10-2023,-4203.406975,31428.45,0.33,733.00,187.00
334,CUST7887,ACC22036,Credit,Deposit,Home Loan,Firm B,South,Manager 4,06-01-2023,122692.225,133586.18,0.15,528.00,112.00
335,CUST4763,ACC36079,Current,Payment,Savings Account,Firm E,East,Manager 2,22-10-2023,62330.10207,55407.69,0.33,425.00,167.00
336,CUST6837,ACC55729,Credit,Deposit,Credit Card,Firm C,North,Manager 2,23-10-2023,47653.86702,73822.22,-0.14,823.00,6.00
337,CUST9439,ACC11188,Current,Withdrawal,Personal Loan,Firm D,North,Manager 2,03-07-2023,15907.05584,44198.84,0.64,388.00,174.00
338,CUST7793,ACC97411,Loan,Payment,Personal Loan,Firm E,Central,Manager 4,17-11-2023,37474.39563,45887.19,0.58,504.00,101.00
339,CUST8765,ACC29231,Credit,Transfer,Credit Card,Firm E,East,Manager 2,03-10-2023,71871.9879,31739.18,-0.03,433.00,65.00
340,CUST8529,ACC49395,Current,Withdrawal,Savings Account,Firm B,South,Manager 4,21-12-2023,86721.05521,42332.65,0.34,808.00,133.00
341,CUST3602,ACC25132,Savings,Deposit,Personal Loan,Firm C,Central,Manager 2,18-03-2023,57908.33009,125378.97,0.29,445.00,70.00
342,CUST7855,ACC45907,Credit,Deposit,Mutual Fund,Firm E,South,Manager 3,18-03-2023,104226.6787,12678.53,0.50,316.00,98.00
343,CUST1888,ACC45951,Credit,Transfer,Home Loan,Firm A,East,Manager 1,05-04-2024,48085.29063,71615.91,0.51,468.00,40.00
344,CUST2349,ACC82298,Current,Withdrawal,Mutual Fund,Firm C,North,Manager 3,03-10-2023,72766.65551,97427.76,0.54,593.00,25.00
345,CUST8461,ACC30787,Credit,Deposit,Home Loan,Firm B,East,Manager 1,19-06-2023,28228.01623,73751.89,0.31,809.00,68.00
346,CUST5320,ACC35163,Savings,Withdrawal,Personal Loan,Firm B,Central,Manager 2,25-07-2023,66183.88958,58880.85,0.51,474.00,235.00
347,CUST6549,ACC95164,Current,Payment,Home Loan,Firm E,South,Manager 3,04-01-2024,31539.43469,57976.92,0.40,463.00,96.00
348,CUST3109,ACC69323,Current,Withdrawal,Savings Account,Firm B,East,Manager 3,29-05-2023,60998.49981,81456.37,0.05,727.00,89.00
349,CUST1042,ACC32890,Loan,Withdrawal,Mutual Fund,Firm B,Central,Manager 3,02-05-2024,57805.76192,93264.47,0.10,569.00,107.00
350,CUST9564,ACC32627,Loan,Transfer,Home Loan,Firm D,East,Manager 2,25-04-2024,59329.27707,142287.90,0.39,844.00,39.00
351,CUST6350,ACC36079,Loan,Transfer,Savings Account,Firm D,South,Manager 4,23-02-2023,31584.71374,62741.43,0.20,555.00,185.00
352,CUST8266,ACC28612,Savings,Payment,Mutual Fund,Firm D,North,Manager 1,30-04-2023,21116.34879,164902.94,0.91,531.00,90.00
353,CUST4780,ACC58667,Loan,Transfer,Savings Account,Firm A,North,Manager 3,17-02-2024,36722.43362,27373.46,0.64,386.00,85.00
354,CUST1223,ACC60432,Loan,Payment,Personal Loan,Firm A,Central,Manager 2,01-08-2024,26179.16713,85388.45,0.50,561.00,59.00
355,CUST3131,ACC99549,Credit,Payment,Personal Loan,Firm A,Central,Manager 1,25-11-2023,85584.77055,103399.06,0.23,767.00,100.00
356,CUST1776,ACC23985,Loan,Deposit,Home Loan,Firm E,West,Manager 4,10-04-2023,87914.11934,57261.01,0.56,848.00,211.00
357,CUST1467,ACC96277,Loan,Transfer,Personal Loan,Firm A,Central,Manager 4,25-07-2023,17561.46145,126722.16,0.54,544.00,165.00
358,CUST6210,ACC51593,Current,Withdrawal,Mutual Fund,Firm C,West,Manager 3,17-01-2023,98120.66545,101532.32,0.42,847.00,85.00
359,CUST4794,ACC94203,Loan,Payment,Home Loan,Firm C,East,Manager 4,19-09-2023,48202.09175,113122.11,0.26,306.00,48.00
360,CUST6292,ACC71426,Loan,Deposit,Mutual Fund,Firm E,West,Manager 2,08-04-2023,36122.44943,74272.92,0.37,736.00,215.00
361,CUST8390,ACC99409,Loan,Payment,Home Loan,Firm E,South,Manager 2,16-10-2023,71890.72128,11630.00,0.41,657.00,226.00
362,CUST5121,ACC51593,Loan,Transfer,Mutual Fund,Firm B,Central,Manager 1,29-11-2023,33045.16826,119274.88,0.87,312.00,157.00
363,CUST6565,ACC29646,Current,Deposit,Savings Account,Firm C,South,Manager 2,17-07-2023,61604.21352,62806.74,0.80,764.00,125.00
364,CUST8461,ACC92360,Savings,Payment,Savings Account,Firm A,North,Manager 2,02-06-2024,51582.26932,69571.18,0.45,357.00,27.00
365,CUST8028,ACC74631,Credit,Deposit,Credit Card,Firm E,South,Manager 1,29-11-2023,56770.07972,55485.23,0.41,562.00,205.00
366,CUST7028,ACC65144,Loan,Transfer,Mutual Fund,Firm B,East,Manager 2,09-11-2023,34218.85097,50750.88,0.79,531.00,33.00
367,CUST8874,ACC77773,Credit,Payment,Personal Loan,Firm D,South,Manager 1,26-09-2023,75176.25277,57862.98,0.33,676.00,221.00
368,CUST8416,ACC71426,Savings,Withdrawal,Credit Card,Firm A,Central,Manager 4,08-11-2023,37882.86349,60369.07,0.49,555.00,104.00
369,CUST1223,ACC58667,Credit,Payment,Home Loan,Firm D,North,Manager 4,30-01-2023,83531.57251,29666.77,0.97,326.00,53.00
370,CUST7002,ACC83005,Savings,Withdrawal,Home Loan,Firm E,West,Manager 4,02-10-2023,24692.30106,44428.71,0.23,510.00,74.00
371,CUST8288,ACC24508,Loan,Payment,Savings Account,Firm D,West,Manager 4,19-03-2024,95882.6453,57906.12,0.46,396.00,181.00
372,CUST9754,ACC87006,Credit,Withdrawal,Home Loan,Firm E,Central,Manager 4,31-10-2023,42903.16544,82533.44,0.46,619.00,56.00
373,CUST2349,ACC61926,Credit,Payment,Credit Card,Firm D,South,Manager 3,05-04-2023,50968.98224,44763.86,0.53,342.00,215.00
374,CUST5558,ACC32212,Credit,Transfer,Personal Loan,Firm C,West,Manager 4,05-03-2023,93871.94098,93847.42,0.53,326.00,51.00
375,CUST7098,ACC11062,Savings,Deposit,Personal Loan,Firm E,Central,Manager 3,05-11-2023,61603.77231,76772.88,0.92,376.00,29.00
376,CUST1644,ACC91723,Savings,Payment,Savings Account,Firm B,Central,Manager 2,25-11-2023,78473.96505,63323.72,0.31,636.00,209.00
377,CUST9169,ACC86784,Credit,Deposit,Personal Loan,Firm C,South,Manager 4,24-10-2023,38575.28936,55142.70,0.49,481.00,237.00
378,CUST8529,ACC28154,Credit,Withdrawal,Home Loan,Firm D,West,Manager 1,07-06-2023,41767.10419,96918.63,0.88,402.00,125.00
379,CUST7933,ACC32890,Current,Transfer,Credit Card,Firm D,East,Manager 1,10-04-2023,106522.3077,31012.22,0.70,785.00,141.00
380,CUST7028,ACC62446,Credit,Withdrawal,Home Loan,Firm E,North,Manager 4,24-11-2023,81948.29682,43711.65,0.26,524.00,18.00
381,CUST2412,ACC95774,Credit,Transfer,Mutual Fund,Firm E,Central,Manager 1,03-05-2024,85882.46281,40388.31,0.30,363.00,60.00
382,CUST1888,ACC19156,Savings,Withdrawal,Home Loan,Firm C,South,Manager 4,13-01-2023,358.4241579,91096.96,0.48,670.00,190.00
383,CUST9248,ACC53466,Loan,Deposit,Home Loan,Firm C,Central,Manager 1,28-01-2023,33712.37004,83612.32,0.22,571.00,199.00
384,CUST9216,ACC37688,Credit,Deposit,Credit Card,Firm C,West,Manager 3,26-04-2023,32265.69886,44815.24,0.74,738.00,66.00
385,CUST8416,ACC57516,Credit,Withdrawal,Personal Loan,Firm B,South,Manager 4,25-04-2024,48774.32267,112571.06,0.64,309.00,167.00
386,CUST4461,ACC21429,Credit,Transfer,Mutual Fund,Firm E,South,Manager 2,05-08-2023,41938.54796,44332.10,0.14,580.00,67.00
387,CUST9525,ACC75675,Credit,Payment,Personal Loan,Firm A,East,Manager 4,30-04-2023,86278.45441,11564.21,0.38,431.00,217.00
388,CUST1569,ACC25811,Savings,Deposit,Savings Account,Firm A,North,Manager 3,20-11-2023,34220.28874,61183.89,0.63,519.00,203.00
389,CUST9216,ACC29477,Loan,Withdrawal,Home Loan,Firm C,North,Manager 4,18-03-2023,37262.90998,85025.46,0.59,371.00,199.00
390,CUST6937,ACC62446,Current,Deposit,Savings Account,Firm A,North,Manager 2,03-12-2024,61754.42115,62299.68,0.35,493.00,83.00
391,CUST8028,ACC18140,Loan,Withdrawal,Personal Loan,Firm E,South,Manager 4,28-09-2023,56629.18968,65595.07,0.29,785.00,114.00
392,CUST4794,ACC83581,Savings,Deposit,Home Loan,Firm C,North,Manager 3,17-06-2023,45339.9531,87818.48,0.76,536.00,187.00
393,CUST5320,ACC26940,Credit,Withdrawal,Savings Account,Firm A,Central,Manager 2,03-06-2023,53795.85329,48381.41,0.37,498.00,81.00
394,CUST9535,ACC95774,Savings,Withdrawal,Credit Card,Firm E,West,Manager 3,20-04-2024,53348.25347,96013.81,0.55,357.00,196.00
395,CUST1644,ACC55331,Credit,Withdrawal,Credit Card,Firm A,South,Manager 2,03-08-2023,116806.4468,47782.44,0.23,605.00,195.00
396,CUST2109,ACC78581,Savings,Deposit,Home Loan,Firm A,Central,Manager 3,02-04-2023,46275.23975,74844.81,0.26,784.00,168.00
397,CUST5558,ACC58078,Loan,Payment,Credit Card,Firm B,North,Manager 2,30-07-2023,50989.07335,14772.53,0.32,386.00,8.00
398,CUST4373,ACC57700,Loan,Withdrawal,Personal Loan,Firm A,West,Manager 4,21-04-2024,72713.06247,-1164.04,0.28,439.00,82.00
399,CUST6350,ACC77773,Savings,Transfer,Savings Account,Firm A,Central,Manager 4,22-10-2023,21857.18738,66889.94,0.28,759.00,169.00
400,CUST2349,ACC12334,Savings,Payment,Home Loan,Firm C,West,Manager 3,02-05-2024,-4995.565095,91601.70,0.46,540.00,234.00
401,CUST1738,ACC70460,Credit,Transfer,Credit Card,Firm C,West,Manager 2,21-05-2023,52885.17022,51553.06,0.07,549.00,145.00
402,CUST2716,ACC51593,Savings,Withdrawal,Home Loan,Firm A,South,Manager 2,26-03-2023,75652.20273,143777.69,0.26,763.00,124.00
403,CUST1547,ACC58078,Loan,Payment,Mutual Fund,Firm A,East,Manager 4,26-02-2023,74518.4143,39075.89,0.54,739.00,161.00
404,CUST2842,ACC65545,Credit,Deposit,Personal Loan,Firm C,East,Manager 4,10-03-2023,51623.69947,88484.48,0.32,537.00,31.00
405,CUST1747,ACC78581,Current,Payment,Personal Loan,Firm C,East,Manager 3,22-05-2024,-21431.79684,68450.70,0.56,609.00,139.00
406,CUST7255,ACC31902,Loan,Payment,Mutual Fund,Firm C,South,Manager 1,21-03-2024,18906.4288,60558.44,0.24,824.00,188.00
407,CUST9962,ACC62809,Loan,Withdrawal,Personal Loan,Firm C,East,Manager 3,19-11-2023,67517.21554,119550.53,0.53,756.00,200.00
408,CUST2716,ACC15925,Credit,Transfer,Home Loan,Firm A,North,Manager 4,22-06-2024,75699.82311,134736.58,0.22,504.00,30.00
409,CUST6525,ACC70460,Loan,Withdrawal,Credit Card,Firm B,West,Manager 4,15-04-2024,50674.56025,48320.56,0.43,638.00,116.00
410,CUST7173,ACC83848,Credit,Payment,Savings Account,Firm C,South,Manager 3,22-05-2024,69705.9395,66956.66,0.54,391.00,152.00
411,CUST2699,ACC69323,Credit,Payment,Credit Card,Firm B,North,Manager 2,19-07-2023,41191.13159,81102.14,0.68,578.00,76.00
412,CUST2541,ACC71388,Current,Withdrawal,Personal Loan,Firm B,North,Manager 1,15-04-2024,61448.81603,11250.33,0.61,397.00,218.00
413,CUST5558,ACC77592,Savings,Deposit,Credit Card,Firm A,North,Manager 1,30-01-2023,39199.32581,56532.37,0.59,733.00,56.00
414,CUST1547,ACC10996,Credit,Deposit,Personal Loan,Firm C,North,Manager 4,19-10-2023,92323.65567,39827.55,0.67,768.00,198.00
415,CUST9216,ACC16664,Loan,Payment,Mutual Fund,Firm B,Central,Manager 3,27-05-2024,7654.724341,64781.52,-0.03,440.00,207.00
416,CUST2527,ACC39529,Current,Transfer,Home Loan,Firm C,West,Manager 3,26-05-2023,29268.18225,13177.01,0.57,432.00,136.00
417,CUST7887,ACC21264,Credit,Payment,Home Loan,Firm E,Central,Manager 4,20-04-2024,40507.53825,103230.26,0.60,819.00,123.00
418,CUST8874,ACC21719,Current,Deposit,Personal Loan,Firm D,South,Manager 3,28-11-2023,50035.62595,162192.90,0.42,822.00,237.00
419,CUST7388,ACC42467,Savings,Withdrawal,Credit Card,Firm E,West,Manager 3,20-06-2023,45555.94562,43897.39,0.79,571.00,15.00
420,CUST2699,ACC31539,Loan,Payment,Home Loan,Firm C,Central,Manager 4,18-11-2023,67374.47703,68883.17,0.51,722.00,7.00
421,CUST9962,ACC86784,Loan,Transfer,Credit Card,Firm E,South,Manager 4,08-11-2023,29791.33828,78507.83,0.95,799.00,205.00
422,CUST1547,ACC21429,Savings,Withdrawal,Mutual Fund,Firm C,West,Manager 1,02-05-2023,17364.77344,77427.50,0.40,490.00,90.00
423,CUST5174,ACC50817,Credit,Deposit,Credit Card,Firm B,West,Manager 2,08-06-2023,74201.22103,48412.35,0.84,339.00,149.00
424,CUST7345,ACC26956,Credit,Payment,Personal Loan,Firm C,South,Manager 2,03-08-2023,50037.16683,94209.77,0.17,774.00,165.00
425,CUST2018,ACC29007,Current,Deposit,Home Loan,Firm D,Central,Manager 3,07-01-2023,46721.74116,72216.10,1.10,723.00,32.00
426,CUST8318,ACC64022,Credit,Transfer,Personal Loan,Firm C,South,Manager 1,18-06-2023,78560.07607,39738.36,0.30,588.00,165.00
427,CUST4438,ACC22255,Loan,Payment,Credit Card,Firm B,West,Manager 3,01-09-2023,85808.8888,50165.33,0.29,541.00,148.00
428,CUST1569,ACC15925,Current,Withdrawal,Mutual Fund,Firm A,North,Manager 2,01-06-2023,23564.51893,75819.37,0.48,848.00,41.00
429,CUST1467,ACC81631,Savings,Deposit,Savings Account,Firm B,South,Manager 2,17-01-2024,70661.59074,17430.92,0.39,519.00,203.00
430,CUST1840,ACC34431,Loan,Deposit,Savings Account,Firm E,Central,Manager 3,04-11-2023,35708.44449,109817.91,0.98,560.00,95.00
431,CUST3006,ACC97411,Loan,Deposit,Mutual Fund,Firm D,East,Manager 3,19-11-2023,83705.17658,58287.78,0.20,443.00,138.00
432,CUST3449,ACC51593,Credit,Payment,Home Loan,Firm C,Central,Manager 3,17-06-2023,41996.87578,40715.03,1.08,419.00,149.00
433,CUST4794,ACC60432,Credit,Deposit,Savings Account,Firm A,Central,Manager 2,23-04-2023,61434.23311,64883.67,0.41,645.00,193.00
434,CUST1189,ACC99549,Loan,Withdrawal,Personal Loan,Firm A,Central,Manager 3,04-06-2024,68150.18631,60628.36,0.38,666.00,118.00
435,CUST1913,ACC57700,Savings,Deposit,Savings Account,Firm C,West,Manager 4,15-05-2024,73061.95398,90819.78,0.53,714.00,137.00
436,CUST7651,ACC39161,Credit,Withdrawal,Mutual Fund,Firm D,North,Manager 1,30-04-2023,39275.29517,79762.13,0.30,465.00,114.00
437,CUST6028,ACC49774,Credit,Withdrawal,Home Loan,Firm A,North,Manager 4,18-11-2023,22161.01926,-584.72,0.49,697.00,159.00
438,CUST8874,ACC11188,Current,Payment,Mutual Fund,Firm D,West,Manager 2,03-12-2024,39307.77042,86504.97,0.66,415.00,188.00
439,CUST2612,ACC83269,Current,Deposit,Personal Loan,Firm D,Central,Manager 3,08-11-2023,42261.16743,81466.59,0.47,345.00,150.00
440,CUST1962,ACC50817,Loan,Withdrawal,Credit Card,Firm D,South,Manager 3,24-05-2024,48524.43739,44669.00,0.39,453.00,103.00
441,CUST4584,ACC48303,Current,Withdrawal,Home Loan,Firm C,Central,Manager 3,19-03-2024,37823.34981,49697.99,0.64,651.00,96.00
442,CUST2716,ACC72197,Loan,Transfer,Credit Card,Firm E,West,Manager 2,20-06-2023,45501.81321,51655.51,0.61,696.00,191.00
443,CUST7028,ACC92558,Savings,Transfer,Savings Account,Firm E,Central,Manager 1,15-01-2023,88250.03684,62567.01,0.34,344.00,11.00
444,CUST5609,ACC82381,Savings,Payment,Personal Loan,Firm D,East,Manager 4,22-05-2024,58136.33546,123042.19,0.49,752.00,90.00
445,CUST9066,ACC83581,Credit,Deposit,Credit Card,Firm E,North,Manager 3,26-09-2023,106864.233,58141.57,0.30,663.00,102.00
446,CUST8765,ACC95164,Loan,Deposit,Mutual Fund,Firm C,West,Manager 1,15-05-2023,99176.08508,111333.56,0.17,416.00,146.00
447,CUST6210,ACC53466,Savings,Payment,Mutual Fund,Firm B,Central,Manager 2,17-11-2023,35872.10329,32853.19,0.83,641.00,227.00
448,CUST9564,ACC30852,Loan,Deposit,Savings Account,Firm A,South,Manager 2,21-02-2023,57014.91451,88662.45,0.46,474.00,131.00
449,CUST5916,ACC74631,Current,Deposit,Home Loan,Firm A,East,Manager 1,19-06-2023,49069.92382,92114.36,0.57,601.00,89.00
450,CUST6526,ACC29396,Current,Deposit,Savings Account,Firm B,Central,Manager 4,07-06-2023,48672.30569,89292.53,0.13,603.00,142.00
451,CUST3725,ACC15228,Current,Deposit,Credit Card,Firm A,South,Manager 2,18-08-2023,37887.13836,79428.55,0.90,508.00,58.00
452,CUST1547,ACC18140,Loan,Withdrawal,Home Loan,Firm D,North,Manager 4,06-08-2024,26241.58008,80386.78,0.17,601.00,192.00
453,CUST9209,ACC39529,Loan,Withdrawal,Home Loan,Firm A,South,Manager 3,02-05-2024,52626.49035,137522.61,0.50,720.00,220.00
454,CUST4126,ACC32627,Savings,Transfer,Mutual Fund,Firm E,East,Manager 2,07-05-2023,27384.52171,59172.73,0.60,658.00,76.00
455,CUST1840,ACC45907,Current,Payment,Savings Account,Firm E,East,Manager 3,02-05-2023,68688.44388,83962.11,0.20,381.00,107.00
456,CUST8874,ACC78089,Credit,Transfer,Mutual Fund,Firm E,East,Manager 4,05-12-2023,-14200.7145,98951.68,0.18,563.00,192.00
457,CUST5105,ACC38559,Current,Payment,Home Loan,Firm A,North,Manager 2,11-07-2023,70368.21913,48271.76,0.35,340.00,37.00
458,CUST9564,ACC92360,Credit,Payment,Credit Card,Firm A,South,Manager 4,05-11-2023,48713.17237,78647.93,0.43,764.00,159.00
459,CUST3015,ACC77638,Loan,Transfer,Savings Account,Firm B,East,Manager 2,28-01-2023,17739.15438,28247.08,0.75,315.00,230.00
460,CUST1747,ACC45907,Credit,Payment,Credit Card,Firm D,South,Manager 3,15-01-2023,58217.44696,11294.68,0.60,812.00,20.00
461,CUST1747,ACC57700,Savings,Transfer,Savings Account,Firm B,East,Manager 3,14-04-2023,86890.70264,48344.71,0.77,447.00,142.00
462,CUST7255,ACC80442,Loan,Payment,Home Loan,Firm A,North,Manager 3,26-03-2023,92556.16048,79366.32,0.56,332.00,113.00
463,CUST8318,ACC77638,Current,Deposit,Mutual Fund,Firm B,Central,Manager 1,30-04-2023,72351.37574,-4782.08,0.92,721.00,233.00
464,CUST4461,ACC15671,Credit,Payment,Savings Account,Firm D,Central,Manager 3,17-12-2023,42941.2495,55549.11,0.34,559.00,235.00
465,CUST4461,ACC21429,Credit,Deposit,Credit Card,Firm E,South,Manager 3,03-05-2024,55367.52407,62321.81,0.85,578.00,112.00
466,CUST4669,ACC24508,Loan,Deposit,Mutual Fund,Firm B,East,Manager 4,29-05-2023,33835.16646,66556.87,0.29,730.00,107.00
467,CUST9129,ACC82926,Loan,Payment,Savings Account,Firm B,North,Manager 3,05-03-2023,3901.518839,97114.41,0.19,416.00,116.00
468,CUST9066,ACC97225,Loan,Deposit,Personal Loan,Firm A,West,Manager 2,01-12-2024,-4985.758778,67493.24,0.28,747.00,105.00
469,CUST4373,ACC50817,Credit,Deposit,Home Loan,Firm E,South,Manager 4,17-02-2023,66818.41488,125994.80,0.38,837.00,103.00
470,CUST9525,ACC29646,Current,Transfer,Personal Loan,Firm A,West,Manager 4,24-05-2023,62994.78822,121839.16,0.35,719.00,58.00
471,CUST4346,ACC55331,Savings,Payment,Personal Loan,Firm B,South,Manager 3,09-08-2023,57186.51184,65180.51,0.80,585.00,37.00
472,CUST2527,ACC34431,Savings,Withdrawal,Personal Loan,Firm E,Central,Manager 1,21-10-2023,23362.56444,12688.85,0.94,846.00,197.00
473,CUST8344,ACC99117,Credit,Withdrawal,Home Loan,Firm B,East,Manager 4,29-01-2024,129471.4656,73117.86,0.19,820.00,210.00
474,CUST5428,ACC22799,Loan,Transfer,Credit Card,Firm A,Central,Manager 4,06-11-2024,34318.55795,29853.69,0.12,821.00,155.00
475,CUST5121,ACC99117,Savings,Deposit,Home Loan,Firm C,West,Manager 3,19-09-2023,44580.95975,57720.62,0.28,517.00,149.00
476,CUST1189,ACC21719,Current,Transfer,Personal Loan,Firm D,North,Manager 2,24-05-2024,28853.19423,103910.53,0.66,708.00,67.00
477,CUST4595,ACC21429,Current,Withdrawal,Home Loan,Firm C,Central,Manager 1,08-04-2023,56467.08368,111902.02,0.77,467.00,108.00
478,CUST3059,ACC53466,Savings,Deposit,Personal Loan,Firm E,West,Manager 1,09-11-2023,37508.65731,58840.60,0.54,502.00,187.00
479,CUST6526,ACC66190,Current,Withdrawal,Personal Loan,Firm B,East,Manager 2,16-03-2023,65121.31498,25856.33,0.50,567.00,176.00
480,CUST8772,ACC71938,Savings,Transfer,Personal Loan,Firm C,East,Manager 1,29-11-2023,41023.05294,63956.00,0.45,315.00,66.00
481,CUST4241,ACC67701,Current,Withdrawal,Credit Card,Firm D,North,Manager 4,24-12-2023,40466.38121,86902.25,0.40,766.00,55.00
482,CUST9525,ACC57597,Savings,Transfer,Credit Card,Firm C,Central,Manager 4,26-07-2023,37256.51091,-12919.39,0.25,403.00,69.00
483,CUST4855,ACC60432,Credit,Withdrawal,Savings Account,Firm C,East,Manager 2,06-10-2023,4219.630951,102252.31,0.17,321.00,94.00
484,CUST1555,ACC34431,Loan,Transfer,Credit Card,Firm D,East,Manager 2,19-07-2023,33099.87085,88226.97,0.26,747.00,153.00
485,CUST2412,ACC88252,Current,Withdrawal,Mutual Fund,Firm B,South,Manager 4,02-04-2023,46417.95035,32094.08,0.60,473.00,213.00
486,CUST5664,ACC35419,Current,Payment,Credit Card,Firm E,East,Manager 4,04-03-2023,35792.34103,74637.99,0.34,608.00,119.00
487,CUST6837,ACC28154,Savings,Withdrawal,Savings Account,Firm C,West,Manager 2,28-01-2023,47456.08291,75755.58,0.73,680.00,86.00
488,CUST5320,ACC90887,Current,Transfer,Savings Account,Firm B,North,Manager 2,08-10-2023,62504.65027,94039.60,0.40,676.00,162.00
489,CUST7173,ACC60432,Current,Payment,Mutual Fund,Firm B,Central,Manager 2,13-03-2023,18833.66839,76833.82,0.60,791.00,103.00
490,CUST1223,ACC92360,Loan,Deposit,Credit Card,Firm C,East,Manager 2,19-11-2023,87596.45717,84499.60,0.51,781.00,37.00
491,CUST2109,ACC22036,Current,Deposit,Savings Account,Firm B,South,Manager 1,01-12-2024,60504.95621,141517.00,0.36,518.00,228.00
492,CUST4794,ACC29646,Current,Transfer,Mutual Fund,Firm E,West,Manager 3,01-04-2024,73887.40821,116182.77,0.45,354.00,100.00
493,CUST1609,ACC91723,Current,Deposit,Credit Card,Firm B,South,Manager 1,17-01-2024,67632.86991,80801.88,0.72,364.00,11.00
494,CUST1749,ACC26940,Credit,Withdrawal,Home Loan,Firm E,South,Manager 1,05-03-2023,47124.08108,71338.24,0.89,798.00,124.00
495,CUST7994,ACC26026,Current,Withdrawal,Mutual Fund,Firm B,North,Manager 1,30-07-2023,59303.82919,98568.65,0.91,835.00,52.00
496,CUST3810,ACC22036,Current,Withdrawal,Mutual Fund,Firm E,South,Manager 2,24-10-2023,53323.68436,75002.90,0.69,356.00,122.00
497,CUST8266,ACC20297,Loan,Deposit,Savings Account,Firm E,East,Manager 4,21-03-2024,31619.79362,78356.97,0.65,441.00,239.00
498,CUST4763,ACC52131,Credit,Transfer,Mutual Fund,Firm D,Central,Manager 3,13-02-2024,5420.735232,115828.43,0.50,724.00,165.00
499,CUST9535,ACC70741,Loan,Deposit,Credit Card,Firm A,East,Manager 2,01-02-2023,55959.47156,49168.79,0.56,602.00,177.00
500,CUST9420,ACC37688,Credit,Transfer,Personal Loan,Firm E,East,Manager 4,09-06-2023,25736.94519,78224.10,0.45,380.00,39.00
501,CUST6028,ACC15359,Loan,Deposit,Mutual Fund,Firm E,North,Manager 1,07-01-2023,58654.234,75815.88,0.67,714.00,54.00
502,CUST9209,ACC55331,Current,Transfer,Home Loan,Firm C,East,Manager 4,30-03-2024,42550.23323,90521.51,0.36,699.00,109.00
503,CUST1887,ACC26940,Savings,Payment,Home Loan,Firm B,Central,Manager 4,01-10-2023,50243.44202,67006.46,0.14,427.00,132.00
504,CUST9129,ACC70314,Loan,Withdrawal,Credit Card,Firm E,North,Manager 1,17-06-2023,22368.60025,45934.67,0.42,304.00,101.00
505,CUST3306,ACC38559,Credit,Payment,Credit Card,Firm E,East,Manager 4,26-02-2023,82390.38999,74142.51,0.65,445.00,79.00
506,CUST7388,ACC81631,Current,Withdrawal,Mutual Fund,Firm A,North,Manager 2,18-06-2023,98620.49477,35356.89,0.73,697.00,47.00
507,CUST1609,ACC32212,Current,Payment,Mutual Fund,Firm D,South,Manager 2,26-04-2023,33715.75669,69700.84,0.41,824.00,24.00
508,CUST2018,ACC32627,Savings,Transfer,Savings Account,Firm B,North,Manager 2,03-02-2024,65754.40569,46769.84,0.33,402.00,174.00
509,CUST6525,ACC97225,Credit,Withdrawal,Mutual Fund,Firm A,East,Manager 4,03-12-2024,28214.32083,125519.31,0.33,724.00,218.00
510,CUST6330,ACC42710,Current,Deposit,Personal Loan,Firm B,North,Manager 4,04-01-2024,20819.59217,59216.76,0.46,814.00,224.00
511,CUST3306,ACC91220,Credit,Withdrawal,Personal Loan,Firm C,Central,Manager 2,20-04-2024,41473.06937,101168.67,0.55,307.00,139.00
512,CUST9843,ACC24070,Credit,Deposit,Credit Card,Firm C,East,Manager 4,06-11-2024,62022.50925,24810.79,0.26,533.00,103.00
513,CUST9962,ACC40952,Current,Withdrawal,Credit Card,Firm E,East,Manager 1,10-06-2023,114922.6432,78680.76,0.97,433.00,107.00
514,CUST6351,ACC82298,Current,Transfer,Credit Card,Firm B,Central,Manager 3,30-09-2023,40801.00881,100859.39,0.58,408.00,86.00
515,CUST1962,ACC95164,Credit,Withdrawal,Mutual Fund,Firm B,East,Manager 1,25-04-2024,60867.16658,49283.99,0.59,662.00,75.00
516,CUST2699,ACC58667,Savings,Deposit,Credit Card,Firm B,Central,Manager 1,17-07-2023,96879.97317,73720.99,0.19,325.00,58.00
517,CUST4763,ACC75767,Savings,Transfer,Home Loan,Firm C,Central,Manager 1,13-06-2024,8810.952478,68569.09,0.40,412.00,32.00
518,CUST2349,ACC29477,Savings,Withdrawal,Savings Account,Firm C,South,Manager 2,03-07-2023,38849.46094,79138.60,0.48,782.00,93.00
519,CUST1189,ACC61926,Credit,Payment,Savings Account,Firm E,East,Manager 3,21-01-2023,44286.16412,77128.09,0.41,503.00,96.00
520,CUST7493,ACC26956,Credit,Payment,Credit Card,Firm B,Central,Manager 3,26-04-2023,75825.74987,87004.17,0.76,513.00,120.00
521,CUST2464,ACC31539,Savings,Withdrawal,Credit Card,Firm A,East,Manager 3,05-03-2023,33857.92632,45175.45,0.45,560.00,238.00
522,CUST8772,ACC45951,Savings,Payment,Personal Loan,Firm D,South,Manager 1,16-10-2023,49518.58632,74875.71,0.13,621.00,50.00
523,CUST2457,ACC18140,Credit,Transfer,Personal Loan,Firm A,West,Manager 1,17-07-2023,79940.84583,27617.41,0.39,730.00,13.00
524,CUST6391,ACC75767,Savings,Deposit,Savings Account,Firm A,South,Manager 1,21-01-2023,63838.47317,43616.29,0.55,527.00,175.00
525,CUST7994,ACC45101,Current,Transfer,Credit Card,Firm B,North,Manager 1,26-02-2023,65211.86397,95072.67,0.31,689.00,185.00
526,CUST9439,ACC15671,Loan,Payment,Personal Loan,Firm B,East,Manager 2,14-07-2023,-7436.015895,93833.78,0.15,493.00,190.00
527,CUST7651,ACC95774,Current,Deposit,Credit Card,Firm E,Central,Manager 4,14-02-2023,97625.19029,148300.51,0.71,343.00,52.00
528,CUST5428,ACC61926,Current,Withdrawal,Savings Account,Firm C,Central,Manager 4,02-09-2024,-452.0526423,104272.59,0.76,732.00,107.00
529,CUST7173,ACC83848,Credit,Deposit,Mutual Fund,Firm A,North,Manager 4,11-08-2023,62067.21628,54349.22,0.35,835.00,185.00
530,CUST6735,ACC45101,Current,Withdrawal,Home Loan,Firm C,Central,Manager 4,29-01-2024,71536.89042,141015.27,0.26,568.00,206.00
531,CUST1415,ACC11285,Loan,Transfer,Credit Card,Firm C,East,Manager 4,25-04-2024,37051.79583,58156.05,0.53,341.00,68.00
532,CUST8344,ACC97411,Current,Deposit,Credit Card,Firm B,East,Manager 1,07-06-2023,29251.62001,47476.85,0.20,793.00,50.00
533,CUST6937,ACC11285,Current,Withdrawal,Mutual Fund,Firm A,West,Manager 2,24-10-2023,35033.2976,50709.76,0.54,810.00,89.00
534,CUST1913,ACC64785,Current,Payment,Savings Account,Firm D,South,Manager 3,30-03-2024,625.7126984,77868.13,0.28,433.00,128.00
535,CUST4241,ACC80131,Current,Payment,Savings Account,Firm A,Central,Manager 4,19-10-2023,53917.50069,76301.70,0.32,407.00,152.00
536,CUST6292,ACC67713,Savings,Deposit,Mutual Fund,Firm D,East,Manager 2,26-04-2023,16867.63223,90758.68,-0.01,562.00,227.00
537,CUST8288,ACC66190,Credit,Payment,Savings Account,Firm B,Central,Manager 3,04-11-2023,77907.14787,130141.27,0.82,649.00,134.00
538,CUST4438,ACC29396,Credit,Deposit,Home Loan,Firm E,West,Manager 2,08-06-2023,118190.3253,78357.22,0.34,744.00,209.00
539,CUST2109,ACC77592,Credit,Transfer,Credit Card,Firm A,East,Manager 2,14-02-2023,69343.62947,90895.64,0.79,708.00,141.00
540,CUST2109,ACC39544,Current,Payment,Mutual Fund,Firm A,West,Manager 2,11-06-2023,81935.74074,80923.77,0.68,457.00,119.00
541,CUST9843,ACC10996,Current,Withdrawal,Credit Card,Firm D,East,Manager 4,21-01-2023,59601.06063,42962.45,0.48,363.00,185.00
542,CUST8660,ACC51971,Credit,Transfer,Savings Account,Firm E,West,Manager 3,22-03-2024,75078.27116,101835.60,-0.03,706.00,128.00
543,CUST4855,ACC55331,Savings,Payment,Credit Card,Firm A,Central,Manager 3,05-04-2024,24857.91769,110258.06,0.42,312.00,170.00
544,CUST1609,ACC51593,Savings,Transfer,Home Loan,Firm B,North,Manager 2,25-04-2024,44097.49237,59295.67,-0.32,638.00,234.00
545,CUST5255,ACC40939,Loan,Withdrawal,Home Loan,Firm A,Central,Manager 3,08-06-2023,105938.6182,77344.76,0.54,379.00,233.00
546,CUST3041,ACC67713,Savings,Deposit,Mutual Fund,Firm D,Central,Manager 2,02-04-2023,87811.33801,115149.10,0.29,829.00,117.00
547,CUST8266,ACC24880,Current,Withdrawal,Home Loan,Firm D,East,Manager 4,16-04-2024,41857.57545,77720.10,0.48,551.00,128.00
548,CUST9420,ACC24508,Credit,Payment,Mutual Fund,Firm D,West,Manager 1,20-06-2023,29225.68113,55543.45,0.56,461.00,22.00
549,CUST8765,ACC76549,Savings,Payment,Personal Loan,Firm D,South,Manager 2,29-11-2023,5648.588558,74331.03,0.01,670.00,194.00
550,CUST5610,ACC78178,Savings,Payment,Home Loan,Firm B,South,Manager 3,16-03-2023,58251.58849,95516.75,0.43,667.00,62.00
551,CUST4855,ACC25811,Current,Withdrawal,Personal Loan,Firm B,South,Manager 3,03-01-2024,28500.08471,28346.03,0.43,512.00,171.00
552,CUST5610,ACC49395,Current,Transfer,Personal Loan,Firm D,South,Manager 1,10-06-2023,37661.20975,33052.91,0.43,722.00,20.00
553,CUST9666,ACC24070,Current,Transfer,Savings Account,Firm D,Central,Manager 3,13-06-2024,91977.43158,52343.13,0.51,373.00,114.00
554,CUST1840,ACC91220,Loan,Payment,Mutual Fund,Firm D,East,Manager 3,19-03-2024,63233.62896,78570.58,0.74,462.00,183.00
555,CUST7098,ACC24070,Credit,Transfer,Personal Loan,Firm A,Central,Manager 1,22-10-2023,60326.25528,50991.82,0.63,606.00,97.00
556,CUST3041,ACC22799,Credit,Withdrawal,Credit Card,Firm A,North,Manager 2,05-11-2023,78408.43123,62264.97,0.76,491.00,194.00
557,CUST1569,ACC52131,Loan,Payment,Mutual Fund,Firm C,North,Manager 1,09-08-2023,56047.72559,68082.62,0.47,518.00,181.00
558,CUST8266,ACC53865,Loan,Withdrawal,Home Loan,Firm A,East,Manager 1,22-10-2023,78953.37278,60224.81,0.68,304.00,20.00
559,CUST8874,ACC21878,Savings,Deposit,Home Loan,Firm A,South,Manager 3,01-09-2023,57082.83332,62570.16,0.47,574.00,65.00
560,CUST2541,ACC15671,Loan,Deposit,Mutual Fund,Firm C,West,Manager 1,22-03-2024,59298.83404,64054.64,0.60,538.00,63.00
561,CUST2578,ACC53466,Current,Withdrawal,Mutual Fund,Firm C,East,Manager 1,25-04-2024,67273.02655,77604.56,0.19,338.00,47.00
562,CUST4373,ACC34119,Current,Payment,Savings Account,Firm C,Central,Manager 4,11-08-2023,-21711.6824,78311.35,0.36,714.00,135.00
563,CUST7933,ACC26973,Credit,Transfer,Home Loan,Firm B,North,Manager 3,28-03-2024,71028.57254,125862.86,0.24,381.00,128.00
564,CUST6319,ACC24880,Loan,Deposit,Savings Account,Firm C,South,Manager 4,19-10-2023,81756.37886,96685.37,0.46,658.00,115.00
565,CUST6210,ACC11837,Credit,Deposit,Savings Account,Firm C,North,Manager 2,24-09-2023,52934.97209,97081.48,0.34,310.00,79.00
566,CUST4003,ACC43309,Savings,Transfer,Savings Account,Firm B,South,Manager 4,06-06-2023,72711.99137,41680.59,0.80,797.00,28.00
567,CUST6351,ACC57516,Credit,Payment,Home Loan,Firm E,Central,Manager 1,13-02-2024,43204.84098,24280.60,0.57,339.00,185.00
568,CUST1747,ACC48501,Loan,Withdrawal,Savings Account,Firm D,North,Manager 1,04-03-2023,63188.22804,119369.20,0.21,486.00,225.00
569,CUST5253,ACC36079,Current,Withdrawal,Mutual Fund,Firm D,North,Manager 1,25-11-2023,24385.89108,78151.35,0.40,574.00,141.00
570,CUST1888,ACC12334,Loan,Withdrawal,Savings Account,Firm D,South,Manager 2,19-10-2023,20155.25344,62873.51,0.84,828.00,177.00
571,CUST8279,ACC71426,Loan,Payment,Mutual Fund,Firm D,South,Manager 2,02-05-2023,67716.45905,99351.14,0.39,325.00,103.00
572,CUST5920,ACC35419,Savings,Payment,Savings Account,Firm D,North,Manager 2,02-08-2024,28778.29068,80420.67,0.43,340.00,138.00
573,CUST6837,ACC47099,Savings,Withdrawal,Credit Card,Firm D,Central,Manager 1,14-03-2024,91783.32956,129044.88,0.69,651.00,23.00
574,CUST9248,ACC33287,Current,Withdrawal,Home Loan,Firm D,East,Manager 3,02-05-2023,18964.98926,65672.33,0.28,486.00,148.00
575,CUST9420,ACC35419,Current,Payment,Mutual Fund,Firm C,South,Manager 3,02-04-2024,85225.87233,124620.05,0.32,441.00,94.00
576,CUST8874,ACC83269,Savings,Payment,Personal Loan,Firm D,East,Manager 4,04-01-2024,40877.0225,70385.45,0.26,735.00,194.00
577,CUST8318,ACC86784,Savings,Withdrawal,Credit Card,Firm C,North,Manager 1,07-06-2023,28131.87256,72795.17,0.55,744.00,99.00
578,CUST2357,ACC21264,Savings,Payment,Credit Card,Firm D,East,Manager 3,19-07-2023,42045.16865,55004.87,0.68,338.00,220.00
579,CUST1840,ACC46655,Loan,Deposit,Home Loan,Firm B,West,Manager 4,02-06-2024,25450.25616,56853.43,0.82,544.00,80.00
580,CUST7933,ACC78089,Savings,Payment,Mutual Fund,Firm B,South,Manager 2,06-01-2023,39567.88778,32626.66,0.58,514.00,83.00
581,CUST5609,ACC35419,Credit,Withdrawal,Savings Account,Firm D,West,Manager 1,30-03-2024,70392.23452,35415.08,0.05,431.00,140.00
582,CUST6038,ACC73104,Savings,Withdrawal,Mutual Fund,Firm A,West,Manager 3,02-04-2024,52354.226,70860.42,0.02,623.00,227.00
583,CUST5500,ACC45907,Savings,Deposit,Home Loan,Firm D,North,Manager 1,13-01-2023,28004.85209,77274.94,0.77,435.00,147.00
584,CUST8660,ACC80131,Credit,Withdrawal,Savings Account,Firm A,Central,Manager 3,21-02-2023,73689.55504,95243.72,0.67,631.00,201.00
585,CUST9666,ACC89098,Savings,Deposit,Savings Account,Firm A,East,Manager 4,16-02-2023,39573.23936,44216.33,0.40,427.00,106.00
586,CUST6391,ACC31902,Loan,Deposit,Personal Loan,Firm B,Central,Manager 3,04-01-2024,38521.9075,34927.90,0.71,811.00,198.00
587,CUST3015,ACC45521,Credit,Transfer,Savings Account,Firm B,North,Manager 1,03-12-2024,46105.91623,15376.41,0.73,715.00,212.00
588,CUST6028,ACC43309,Current,Withdrawal,Home Loan,Firm D,West,Manager 3,18-08-2023,76453.36711,93043.55,0.94,520.00,97.00
589,CUST4201,ACC58667,Savings,Transfer,Home Loan,Firm A,East,Manager 4,02-04-2023,33313.36805,120454.08,0.58,690.00,151.00
590,CUST2842,ACC34119,Savings,Payment,Mutual Fund,Firm B,North,Manager 1,28-01-2023,31786.7172,86371.15,0.31,424.00,213.00
591,CUST9535,ACC88516,Loan,Deposit,Credit Card,Firm E,South,Manager 1,06-06-2023,44104.19984,72429.63,0.39,715.00,110.00
592,CUST2694,ACC31539,Current,Withdrawal,Home Loan,Firm C,South,Manager 3,17-02-2023,28523.19482,37450.36,0.39,720.00,179.00
593,CUST7459,ACC51200,Current,Withdrawal,Credit Card,Firm C,West,Manager 1,17-07-2023,85167.0983,76328.28,0.62,577.00,64.00
594,CUST1569,ACC15925,Loan,Deposit,Home Loan,Firm D,North,Manager 4,02-12-2023,51005.27896,80927.21,0.57,372.00,63.00
595,CUST8155,ACC92360,Current,Transfer,Savings Account,Firm B,North,Manager 1,05-04-2024,66604.47631,81926.46,0.46,517.00,163.00
596,CUST1738,ACC39544,Current,Payment,Personal Loan,Firm D,East,Manager 2,04-03-2023,84147.16336,39334.80,0.82,742.00,97.00
597,CUST4780,ACC99117,Loan,Withdrawal,Personal Loan,Firm E,East,Manager 3,18-11-2023,69501.78283,80142.29,0.49,484.00,206.00
598,CUST9079,ACC74631,Current,Deposit,Personal Loan,Firm E,West,Manager 1,10-06-2023,74853.44873,61492.18,0.50,528.00,230.00
599,CUST4794,ACC77533,Current,Payment,Personal Loan,Firm C,Central,Manager 3,03-03-2023,39045.80506,74658.81,0.41,359.00,160.00
600,CUST7855,ACC78089,Credit,Deposit,Personal Loan,Firm A,North,Manager 3,04-09-2023,46573.57238,76675.14,0.74,603.00,21.00
601,CUST4360,ACC13357,Current,Deposit,Personal Loan,Firm C,North,Manager 2,17-06-2023,82316.04434,78440.50,0.90,560.00,174.00
602,CUST1747,ACC11285,Savings,Withdrawal,Home Loan,Firm C,East,Manager 2,20-11-2023,58554.13642,162335.78,0.62,661.00,100.00
603,CUST5610,ACC71938,Current,Withdrawal,Credit Card,Firm A,West,Manager 3,27-05-2024,83025.34324,48597.84,0.88,403.00,143.00
604,CUST9420,ACC39500,Credit,Transfer,Credit Card,Firm A,East,Manager 3,25-07-2023,4037.733581,47055.36,0.41,633.00,227.00
605,CUST4584,ACC94907,Loan,Deposit,Savings Account,Firm D,North,Manager 1,17-08-2023,58023.19297,76875.15,0.45,545.00,61.00
606,CUST5174,ACC40939,Loan,Withdrawal,Home Loan,Firm D,North,Manager 3,12-09-2023,43926.5894,95055.32,0.18,567.00,79.00
607,CUST8772,ACC52650,Current,Deposit,Mutual Fund,Firm D,West,Manager 4,06-06-2023,47790.60072,99646.75,0.57,513.00,120.00
608,CUST9248,ACC54589,Credit,Deposit,Mutual Fund,Firm E,South,Manager 3,05-05-2023,88796.12206,17590.68,0.11,556.00,93.00
609,CUST1498,ACC52131,Credit,Deposit,Personal Loan,Firm E,Central,Manager 2,22-08-2023,46759.20905,76921.69,0.44,557.00,153.00
610,CUST7994,ACC92558,Savings,Payment,Home Loan,Firm A,North,Manager 3,26-03-2023,46360.58433,106331.82,0.76,381.00,132.00
611,CUST3602,ACC20297,Loan,Payment,Personal Loan,Firm B,West,Manager 3,24-12-2023,20849.35003,53193.95,0.38,604.00,135.00
612,CUST4669,ACC60432,Savings,Payment,Mutual Fund,Firm D,South,Manager 1,19-10-2023,48421.88942,66198.94,0.79,598.00,180.00
613,CUST4346,ACC48303,Savings,Payment,Mutual Fund,Firm E,North,Manager 3,04-09-2023,105645.9675,13571.39,0.51,815.00,8.00
614,CUST3041,ACC81631,Current,Withdrawal,Personal Loan,Firm A,East,Manager 2,09-10-2023,105066.722,122057.46,1.13,510.00,28.00
615,CUST5121,ACC22036,Credit,Deposit,Personal Loan,Firm B,West,Manager 1,12-10-2023,49334.60158,77510.05,0.45,562.00,156.00
616,CUST4438,ACC43309,Loan,Withdrawal,Home Loan,Firm A,North,Manager 2,04-03-2023,72758.7501,68790.47,0.79,463.00,10.00
617,CUST2716,ACC96868,Loan,Transfer,Credit Card,Firm A,East,Manager 4,26-07-2023,66239.79058,1815.75,0.49,603.00,163.00
618,CUST6947,ACC24981,Loan,Deposit,Credit Card,Firm B,Central,Manager 2,17-02-2023,29985.46169,86362.55,0.42,520.00,96.00
619,CUST5920,ACC82298,Current,Withdrawal,Credit Card,Firm A,South,Manager 3,06-07-2024,46220.55257,25507.43,0.45,436.00,190.00
620,CUST3006,ACC15359,Savings,Payment,Credit Card,Firm B,South,Manager 1,02-05-2024,63623.51794,52463.07,0.67,808.00,186.00
621,CUST4438,ACC29646,Savings,Transfer,Personal Loan,Firm E,East,Manager 1,10-04-2023,71580.03048,97994.30,0.75,578.00,120.00
622,CUST9666,ACC75767,Loan,Transfer,Home Loan,Firm E,Central,Manager 4,30-04-2023,101454.1862,114381.19,0.44,335.00,161.00
623,CUST8660,ACC35419,Current,Payment,Home Loan,Firm B,South,Manager 4,21-12-2023,9185.129848,87686.43,0.82,542.00,82.00
624,CUST6776,ACC46655,Credit,Transfer,Credit Card,Firm E,Central,Manager 4,15-01-2023,41478.99056,70306.02,0.27,542.00,156.00
625,CUST6776,ACC77592,Credit,Withdrawal,Personal Loan,Firm A,North,Manager 2,01-09-2023,97036.39944,55451.32,0.55,382.00,101.00
626,CUST8091,ACC33287,Current,Transfer,Home Loan,Firm A,East,Manager 3,03-03-2023,63389.32028,103104.54,0.23,324.00,113.00
627,CUST1498,ACC19178,Loan,Payment,Personal Loan,Firm A,North,Manager 2,18-02-2024,50019.41761,106488.89,0.52,365.00,202.00
628,CUST1467,ACC32627,Loan,Transfer,Credit Card,Firm E,East,Manager 1,17-12-2023,64712.61948,44876.32,0.65,638.00,30.00
629,CUST3109,ACC24508,Current,Withdrawal,Mutual Fund,Firm A,East,Manager 3,06-08-2024,53049.10953,84320.66,0.21,335.00,216.00
630,CUST6038,ACC70314,Credit,Transfer,Credit Card,Firm C,East,Manager 2,13-03-2023,102426.2099,30137.75,0.57,599.00,161.00
631,CUST9129,ACC77592,Current,Payment,Personal Loan,Firm A,West,Manager 1,24-12-2023,58532.42873,95363.46,0.26,650.00,157.00
632,CUST4679,ACC66086,Credit,Withdrawal,Personal Loan,Firm B,North,Manager 4,06-07-2024,8261.631187,81314.39,0.44,816.00,66.00
633,CUST4794,ACC97411,Savings,Withdrawal,Credit Card,Firm C,South,Manager 3,11-08-2023,46952.47338,118079.14,0.51,389.00,159.00
634,CUST1415,ACC51593,Savings,Transfer,Credit Card,Firm A,Central,Manager 3,26-09-2023,19837.31174,54151.47,0.51,414.00,75.00
635,CUST4373,ACC41829,Current,Payment,Savings Account,Firm A,North,Manager 3,22-03-2024,135972.3439,42302.01,-0.37,469.00,175.00
636,CUST2842,ACC28292,Loan,Deposit,Mutual Fund,Firm C,South,Manager 2,23-03-2024,93721.35146,37550.01,0.17,442.00,206.00
637,CUST6526,ACC99117,Savings,Transfer,Savings Account,Firm C,Central,Manager 2,01-12-2024,59411.73844,124788.53,0.30,585.00,22.00
638,CUST8529,ACC21719,Loan,Payment,Home Loan,Firm E,South,Manager 1,22-06-2024,39052.64128,66730.05,1.03,792.00,229.00
639,CUST3041,ACC29396,Current,Transfer,Personal Loan,Firm C,South,Manager 2,03-03-2023,47172.59396,71658.56,0.47,327.00,34.00
640,CUST5916,ACC21878,Current,Payment,Mutual Fund,Firm A,West,Manager 4,28-11-2023,59539.35068,63559.37,0.68,648.00,151.00
641,CUST1547,ACC88516,Savings,Payment,Credit Card,Firm A,Central,Manager 4,04-06-2024,99930.11476,55245.24,0.19,667.00,107.00
642,CUST4794,ACC20297,Credit,Transfer,Savings Account,Firm B,Central,Manager 4,08-11-2023,66677.90788,78029.67,0.52,673.00,99.00
643,CUST7002,ACC49364,Credit,Transfer,Credit Card,Firm E,South,Manager 3,11-06-2023,70265.68891,64526.97,0.45,402.00,63.00
644,CUST8660,ACC76699,Loan,Transfer,Personal Loan,Firm C,North,Manager 4,19-04-2023,9194.178983,47830.87,0.09,427.00,192.00
645,CUST1121,ACC45101,Credit,Payment,Personal Loan,Firm A,East,Manager 2,03-10-2023,52661.55952,80788.20,0.48,547.00,48.00
646,CUST3059,ACC88252,Credit,Payment,Savings Account,Firm A,North,Manager 4,22-05-2024,57923.75554,98172.70,0.42,738.00,98.00
647,CUST2805,ACC29477,Savings,Withdrawal,Personal Loan,Firm C,East,Manager 4,26-02-2023,52928.88948,74618.34,0.24,540.00,221.00
648,CUST8529,ACC82381,Credit,Transfer,Home Loan,Firm D,South,Manager 1,21-05-2023,61539.90505,107103.21,0.18,653.00,131.00
649,CUST5121,ACC16241,Loan,Transfer,Personal Loan,Firm B,West,Manager 1,05-08-2023,48236.5773,86398.10,0.97,636.00,16.00
650,CUST1747,ACC92104,Savings,Deposit,Savings Account,Firm A,West,Manager 1,08-06-2023,147447.2951,101759.30,0.10,421.00,86.00
651,CUST6029,ACC61827,Current,Payment,Mutual Fund,Firm D,West,Manager 3,15-01-2023,92080.10398,80602.29,0.77,731.00,223.00
652,CUST6029,ACC70460,Current,Withdrawal,Credit Card,Firm E,South,Manager 1,03-10-2023,39975.52823,58917.91,0.73,578.00,134.00
653,CUST2871,ACC23985,Current,Transfer,Home Loan,Firm D,North,Manager 2,02-12-2023,38235.09492,115329.24,0.23,454.00,120.00
654,CUST7994,ACC43309,Loan,Transfer,Mutual Fund,Firm A,West,Manager 4,09-06-2023,63674.70894,89368.30,0.54,695.00,189.00
655,CUST4769,ACC17688,Savings,Deposit,Mutual Fund,Firm E,North,Manager 1,04-03-2023,55026.36788,127167.23,0.50,756.00,226.00
656,CUST3306,ACC62809,Savings,Payment,Credit Card,Firm D,South,Manager 2,11-06-2023,117770.1344,71143.47,0.79,383.00,60.00
657,CUST2842,ACC70741,Current,Withdrawal,Personal Loan,Firm A,South,Manager 2,05-04-2024,59910.92302,90542.71,0.52,828.00,150.00
658,CUST9528,ACC51593,Loan,Payment,Savings Account,Firm B,West,Manager 3,13-09-2023,30653.81639,52831.54,0.26,498.00,30.00
659,CUST2457,ACC15925,Loan,Payment,Mutual Fund,Firm B,West,Manager 4,01-12-2024,27366.82949,44881.99,0.77,638.00,195.00
660,CUST6292,ACC88286,Loan,Transfer,Credit Card,Firm D,East,Manager 1,07-01-2023,32678.0734,138539.41,0.38,461.00,132.00
661,CUST8318,ACC31902,Current,Payment,Credit Card,Firm D,East,Manager 3,26-05-2023,52370.93477,101509.81,0.65,630.00,160.00
662,CUST7459,ACC39500,Credit,Payment,Home Loan,Firm D,South,Manager 4,16-02-2023,21948.97355,113405.33,0.38,411.00,13.00
663,CUST6525,ACC62446,Loan,Deposit,Savings Account,Firm A,Central,Manager 4,17-06-2023,34576.74577,55419.11,0.26,673.00,63.00
664,CUST4438,ACC45968,Current,Withdrawal,Mutual Fund,Firm A,West,Manager 3,15-01-2023,19785.77963,68791.95,0.59,812.00,185.00
665,CUST4595,ACC81631,Current,Payment,Mutual Fund,Firm B,East,Manager 2,10-03-2023,23751.14042,57206.70,0.30,590.00,123.00
666,CUST5574,ACC69323,Savings,Transfer,Mutual Fund,Firm A,Central,Manager 3,15-05-2024,97498.81606,153998.15,-0.09,416.00,236.00
667,CUST1189,ACC64022,Savings,Withdrawal,Personal Loan,Firm A,East,Manager 3,07-06-2023,32216.39694,96429.52,1.03,804.00,43.00
668,CUST7933,ACC51593,Credit,Payment,Personal Loan,Firm C,North,Manager 2,05-05-2023,31585.26421,49835.43,0.34,509.00,191.00
669,CUST5255,ACC91723,Loan,Withdrawal,Home Loan,Firm A,South,Manager 2,23-10-2023,37798.12665,69153.88,0.97,652.00,6.00
670,CUST5121,ACC25132,Loan,Withdrawal,Home Loan,Firm B,Central,Manager 2,10-06-2023,58254.78474,98487.46,0.63,464.00,74.00
671,CUST4769,ACC57516,Current,Payment,Personal Loan,Firm E,South,Manager 3,26-05-2023,54309.34491,-1308.42,1.08,760.00,81.00
672,CUST1121,ACC12182,Current,Deposit,Credit Card,Firm A,West,Manager 1,15-04-2024,45259.06655,86453.58,0.40,345.00,38.00
673,CUST9439,ACC39500,Credit,Deposit,Mutual Fund,Firm B,South,Manager 3,25-07-2023,5515.400745,35108.17,0.24,696.00,141.00
674,CUST1776,ACC34431,Savings,Deposit,Home Loan,Firm A,Central,Manager 2,25-04-2024,58151.90039,61461.84,0.33,677.00,23.00
675,CUST8279,ACC86784,Credit,Withdrawal,Home Loan,Firm D,South,Manager 2,01-06-2023,88532.9009,95842.26,0.34,539.00,147.00
676,CUST2539,ACC67701,Loan,Payment,Credit Card,Firm C,South,Manager 2,23-10-2023,71898.54979,119521.35,0.27,816.00,98.00
677,CUST7994,ACC82298,Current,Deposit,Home Loan,Firm E,Central,Manager 4,11-06-2023,50272.62288,72393.23,0.50,458.00,216.00
678,CUST2805,ACC47099,Current,Withdrawal,Personal Loan,Firm A,East,Manager 3,23-10-2023,31802.65537,97028.43,0.35,698.00,178.00
679,CUST3725,ACC49140,Current,Transfer,Mutual Fund,Firm A,North,Manager 2,15-04-2024,35604.00941,64096.55,0.44,409.00,224.00
680,CUST5916,ACC78178,Credit,Deposit,Mutual Fund,Firm E,East,Manager 4,02-08-2024,64736.42068,52265.78,0.74,474.00,10.00
681,CUST2457,ACC18140,Loan,Withdrawal,Credit Card,Firm D,East,Manager 2,03-08-2023,85795.02265,48687.57,-0.05,733.00,128.00
682,CUST1840,ACC16241,Credit,Withdrawal,Credit Card,Firm D,Central,Manager 1,21-05-2023,26633.35311,61091.26,0.80,749.00,105.00
683,CUST3069,ACC13357,Credit,Deposit,Savings Account,Firm E,South,Manager 4,13-02-2024,65373.04375,106595.46,0.45,841.00,87.00
684,CUST8765,ACC88449,Credit,Deposit,Credit Card,Firm D,West,Manager 4,18-06-2023,65109.23132,31927.59,0.39,456.00,175.00
685,CUST1644,ACC25811,Current,Payment,Credit Card,Firm C,Central,Manager 3,01-12-2024,50189.23333,13996.12,-0.02,312.00,63.00
686,CUST4373,ACC88074,Credit,Transfer,Mutual Fund,Firm C,North,Manager 1,01-01-2024,10139.33005,80521.68,0.39,438.00,17.00
687,CUST4258,ACC88074,Loan,Withdrawal,Savings Account,Firm E,South,Manager 3,05-04-2024,75114.0567,102018.39,0.37,483.00,58.00
688,CUST9038,ACC42710,Loan,Deposit,Home Loan,Firm A,North,Manager 1,23-08-2023,79447.28238,68676.14,0.34,494.00,158.00
689,CUST3131,ACC57872,Loan,Deposit,Mutual Fund,Firm A,East,Manager 3,24-12-2023,68550.8505,84858.69,0.33,683.00,44.00
690,CUST2944,ACC40939,Savings,Deposit,Savings Account,Firm C,Central,Manager 3,09-10-2023,52585.08416,107852.85,0.37,689.00,55.00
691,CUST2357,ACC30852,Current,Withdrawal,Mutual Fund,Firm A,West,Manager 4,01-06-2023,55536.27885,77091.47,0.34,415.00,50.00
692,CUST6776,ACC20297,Loan,Payment,Personal Loan,Firm E,Central,Manager 3,16-08-2023,33233.46268,72246.48,0.21,311.00,138.00
693,CUST4003,ACC20297,Current,Payment,Mutual Fund,Firm D,North,Manager 4,05-03-2023,54630.55737,86312.31,0.35,755.00,20.00
694,CUST2578,ACC18140,Loan,Withdrawal,Savings Account,Firm B,Central,Manager 4,21-02-2024,78556.73753,76893.80,0.69,406.00,105.00
695,CUST3187,ACC25132,Credit,Payment,Personal Loan,Firm D,North,Manager 4,26-02-2023,65202.71893,39777.23,1.35,767.00,67.00
696,CUST2915,ACC25811,Current,Payment,Savings Account,Firm C,South,Manager 2,15-01-2023,73107.33839,72482.05,0.71,751.00,216.00
697,CUST4780,ACC21429,Credit,Deposit,Personal Loan,Firm A,North,Manager 4,15-04-2024,24250.49236,46371.33,0.56,816.00,112.00
698,CUST8765,ACC47099,Loan,Transfer,Credit Card,Firm C,Central,Manager 4,20-11-2023,41973.02733,116791.70,0.61,820.00,140.00
699,CUST7651,ACC28295,Credit,Withdrawal,Mutual Fund,Firm D,Central,Manager 1,22-08-2023,39646.40026,1620.28,0.54,617.00,141.00
700,CUST1749,ACC12182,Current,Payment,Home Loan,Firm E,East,Manager 4,13-09-2023,-16135.99845,68737.37,0.51,840.00,104.00
701,CUST1569,ACC32627,Savings,Deposit,Home Loan,Firm B,Central,Manager 1,30-07-2023,41862.66486,88801.57,0.44,594.00,214.00
702,CUST4855,ACC26026,Savings,Payment,Mutual Fund,Firm D,Central,Manager 4,20-10-2023,63607.02268,77363.07,0.17,375.00,188.00
703,CUST3725,ACC34119,Loan,Withdrawal,Savings Account,Firm D,South,Manager 2,23-04-2023,76045.70621,60390.12,0.58,331.00,89.00
704,CUST5174,ACC29646,Savings,Payment,Personal Loan,Firm D,East,Manager 4,09-08-2023,21165.4217,87994.08,0.45,461.00,26.00
705,CUST9564,ACC29396,Savings,Transfer,Personal Loan,Firm C,South,Manager 3,04-09-2023,44278.1196,71569.36,0.49,407.00,18.00
706,CUST5894,ACC19156,Savings,Transfer,Savings Account,Firm D,Central,Manager 2,14-02-2023,72513.33434,101526.80,0.39,726.00,75.00
707,CUST9439,ACC23736,Current,Withdrawal,Mutual Fund,Firm B,East,Manager 1,26-07-2023,80564.28128,113904.96,0.66,323.00,180.00
708,CUST4461,ACC62446,Loan,Payment,Credit Card,Firm A,Central,Manager 3,07-01-2023,20145.08665,32040.73,1.05,317.00,123.00
709,CUST1609,ACC88074,Credit,Transfer,Savings Account,Firm E,South,Manager 2,25-04-2024,14133.38401,58336.76,0.86,554.00,116.00
710,CUST4003,ACC30852,Loan,Payment,Credit Card,Firm E,South,Manager 1,17-07-2023,68209.7527,116972.09,1.06,434.00,160.00
711,CUST4763,ACC88252,Savings,Withdrawal,Savings Account,Firm E,Central,Manager 4,12-10-2023,90962.08527,50827.24,0.25,729.00,14.00
712,CUST1189,ACC50439,Savings,Deposit,Savings Account,Firm D,East,Manager 1,16-06-2024,-60979.07348,57916.06,0.16,655.00,17.00
713,CUST9248,ACC82926,Credit,Withdrawal,Home Loan,Firm C,North,Manager 2,06-08-2024,93384.52157,60905.65,0.66,562.00,54.00
714,CUST6837,ACC29646,Credit,Withdrawal,Home Loan,Firm B,Central,Manager 1,23-10-2023,-2838.79481,108511.37,0.44,563.00,237.00
715,CUST7459,ACC57597,Savings,Payment,Credit Card,Firm C,North,Manager 1,13-01-2023,57603.19099,70795.56,0.87,655.00,15.00
716,CUST6776,ACC54589,Current,Deposit,Personal Loan,Firm C,East,Manager 1,21-03-2024,52990.55976,20578.05,0.40,320.00,159.00
717,CUST4794,ACC21878,Loan,Payment,Mutual Fund,Firm C,North,Manager 1,08-10-2023,45597.3365,57241.83,0.34,412.00,131.00
718,CUST3059,ACC42903,Loan,Transfer,Credit Card,Firm C,South,Manager 3,23-03-2024,68170.31103,119828.35,0.62,478.00,53.00
719,CUST6947,ACC69323,Current,Transfer,Mutual Fund,Firm D,Central,Manager 1,24-11-2023,49101.74069,-8873.80,0.14,343.00,229.00
720,CUST1189,ACC43309,Credit,Withdrawal,Home Loan,Firm E,West,Manager 4,12-09-2023,52801.21479,45258.86,0.65,776.00,206.00
721,CUST8318,ACC66190,Credit,Withdrawal,Mutual Fund,Firm B,North,Manager 4,14-04-2023,39771.28883,77639.14,0.17,817.00,173.00
722,CUST1189,ACC83269,Credit,Withdrawal,Mutual Fund,Firm C,Central,Manager 2,18-11-2023,49584.96264,62730.64,0.81,801.00,225.00
723,CUST8155,ACC64785,Savings,Deposit,Mutual Fund,Firm A,South,Manager 4,12-10-2023,50829.21383,25388.45,0.75,474.00,236.00
724,CUST9683,ACC22799,Savings,Withdrawal,Savings Account,Firm D,South,Manager 3,08-10-2023,48313.66169,96009.09,0.40,637.00,159.00
725,CUST2694,ACC18057,Credit,Deposit,Mutual Fund,Firm B,South,Manager 1,05-04-2023,90849.07865,76082.19,0.31,755.00,229.00
726,CUST7255,ACC24981,Loan,Payment,Home Loan,Firm A,West,Manager 4,16-03-2023,56321.96961,94246.79,0.66,789.00,85.00
727,CUST4201,ACC96277,Loan,Payment,Credit Card,Firm B,South,Manager 4,04-09-2023,56160.0758,82177.78,0.26,390.00,99.00
728,CUST8874,ACC36079,Current,Withdrawal,Home Loan,Firm A,North,Manager 2,22-05-2024,58465.79058,101387.13,0.22,674.00,160.00
729,CUST4126,ACC74656,Loan,Transfer,Mutual Fund,Firm B,North,Manager 1,06-01-2023,112905.1603,29411.84,0.59,739.00,189.00
730,CUST2541,ACC77533,Loan,Transfer,Personal Loan,Firm A,North,Manager 4,21-05-2023,80286.10029,56498.58,0.88,821.00,231.00
731,CUST8660,ACC39544,Savings,Withdrawal,Credit Card,Firm C,East,Manager 3,09-06-2023,11058.80008,100637.45,0.53,722.00,80.00
732,CUST7855,ACC94242,Savings,Deposit,Mutual Fund,Firm D,South,Manager 4,22-03-2024,77535.6057,93087.02,0.82,463.00,43.00
733,CUST2357,ACC70314,Current,Deposit,Credit Card,Firm E,West,Manager 3,06-11-2024,26263.16371,63524.79,0.44,442.00,144.00
734,CUST8155,ACC30852,Savings,Deposit,Credit Card,Firm E,North,Manager 3,24-05-2023,82504.4347,104936.45,0.46,403.00,232.00
735,CUST5609,ACC39500,Current,Deposit,Personal Loan,Firm A,West,Manager 3,22-06-2024,118365.9511,23521.36,0.06,703.00,10.00
736,CUST8461,ACC88516,Credit,Transfer,Savings Account,Firm E,East,Manager 3,26-03-2023,32180.96163,131948.65,0.42,819.00,73.00
737,CUST7098,ACC89098,Current,Transfer,Savings Account,Firm B,South,Manager 1,05-11-2023,66917.95704,32907.68,0.26,659.00,62.00
738,CUST2188,ACC81631,Loan,Payment,Credit Card,Firm D,West,Manager 2,30-09-2023,55165.92296,82661.77,0.54,775.00,127.00
739,CUST3810,ACC45521,Savings,Transfer,Mutual Fund,Firm E,East,Manager 1,20-04-2024,52457.13204,78124.41,0.77,629.00,114.00
740,CUST9525,ACC76699,Savings,Deposit,Savings Account,Firm A,Central,Manager 4,25-04-2024,36243.30006,123819.62,0.32,733.00,196.00
741,CUST7395,ACC74656,Current,Withdrawal,Savings Account,Firm E,South,Manager 4,23-03-2024,87001.62481,139305.29,0.43,518.00,191.00
742,CUST3069,ACC78589,Savings,Payment,Savings Account,Firm C,East,Manager 1,15-04-2024,95021.14474,17426.28,0.81,318.00,182.00
743,CUST2457,ACC77533,Loan,Deposit,Mutual Fund,Firm B,North,Manager 3,20-06-2023,89004.43542,48308.20,0.67,801.00,175.00
744,CUST4763,ACC15925,Loan,Withdrawal,Mutual Fund,Firm C,South,Manager 3,24-09-2023,97642.06092,146131.43,0.46,411.00,168.00
745,CUST8874,ACC69323,Savings,Deposit,Credit Card,Firm A,Central,Manager 3,26-02-2023,70777.23288,109212.05,0.59,738.00,49.00
746,CUST7994,ACC78589,Current,Payment,Personal Loan,Firm E,North,Manager 3,17-11-2023,-282.7962858,123472.83,0.64,586.00,168.00
747,CUST6837,ACC83581,Credit,Transfer,Home Loan,Firm A,North,Manager 4,15-01-2023,88917.44451,76745.97,0.45,812.00,229.00
748,CUST8416,ACC42467,Loan,Withdrawal,Mutual Fund,Firm B,East,Manager 4,02-06-2024,24649.26288,139067.06,0.38,484.00,166.00
749,CUST1114,ACC42467,Current,Deposit,Credit Card,Firm A,North,Manager 4,04-09-2023,15304.80735,97265.63,0.29,729.00,46.00
750,CUST1913,ACC31539,Loan,Deposit,Credit Card,Firm A,South,Manager 3,30-03-2024,19692.95911,79177.23,0.58,612.00,120.00
751,CUST2805,ACC45951,Savings,Transfer,Home Loan,Firm E,North,Manager 3,20-10-2023,12762.91239,122983.22,0.36,425.00,181.00
752,CUST4625,ACC50439,Savings,Transfer,Savings Account,Firm A,Central,Manager 2,02-12-2023,9722.474784,59558.15,0.37,759.00,179.00
753,CUST2541,ACC45968,Savings,Withdrawal,Home Loan,Firm D,South,Manager 1,14-04-2023,52837.4346,64576.53,0.77,332.00,216.00
754,CUST7120,ACC18177,Loan,Payment,Mutual Fund,Firm B,Central,Manager 1,22-06-2024,47390.87113,166805.96,0.81,848.00,208.00
755,CUST2716,ACC83581,Current,Withdrawal,Mutual Fund,Firm D,East,Manager 2,01-12-2024,42002.15958,95304.48,0.62,623.00,166.00
756,CUST4258,ACC53865,Loan,Payment,Home Loan,Firm D,West,Manager 3,06-10-2023,101272.5488,161037.82,0.24,348.00,199.00
757,CUST1223,ACC46953,Current,Deposit,Personal Loan,Firm E,East,Manager 2,01-09-2023,67572.87562,93340.13,0.32,312.00,99.00
758,CUST9754,ACC86784,Loan,Deposit,Mutual Fund,Firm B,West,Manager 4,28-11-2023,45433.51064,103798.75,0.25,528.00,239.00
759,CUST8416,ACC92360,Current,Payment,Savings Account,Firm B,North,Manager 3,19-07-2023,25922.34155,75596.59,0.50,601.00,18.00
760,CUST6565,ACC83269,Credit,Withdrawal,Credit Card,Firm E,South,Manager 4,16-08-2023,23227.20826,152430.08,0.91,397.00,220.00
761,CUST7255,ACC20297,Savings,Withdrawal,Credit Card,Firm E,East,Manager 3,31-10-2023,44387.01357,51101.33,0.13,417.00,174.00
762,CUST4769,ACC24508,Credit,Transfer,Mutual Fund,Firm A,South,Manager 3,01-02-2023,38143.72284,97599.72,-0.02,557.00,89.00
763,CUST4241,ACC34821,Loan,Payment,Mutual Fund,Firm C,East,Manager 3,12-09-2023,63383.59989,73003.34,0.28,396.00,38.00
764,CUST6082,ACC25811,Savings,Withdrawal,Personal Loan,Firm B,West,Manager 2,19-04-2023,16108.34845,118008.68,0.38,668.00,147.00
765,CUST1569,ACC76699,Credit,Withdrawal,Home Loan,Firm A,East,Manager 4,24-05-2024,49735.74451,108530.99,0.73,685.00,166.00
766,CUST5609,ACC83269,Current,Transfer,Credit Card,Firm D,West,Manager 1,29-11-2023,9833.48507,83655.61,0.88,800.00,151.00
767,CUST1547,ACC48303,Savings,Transfer,Credit Card,Firm A,West,Manager 4,25-12-2023,56178.39936,117884.75,0.28,330.00,85.00
768,CUST8461,ACC32627,Savings,Deposit,Home Loan,Firm D,North,Manager 3,19-03-2024,70316.24395,122707.61,0.10,648.00,44.00
769,CUST1749,ACC29477,Current,Withdrawal,Credit Card,Firm A,North,Manager 2,26-07-2023,115702.8084,50193.67,0.17,813.00,209.00
770,CUST5428,ACC21719,Current,Payment,Home Loan,Firm E,Central,Manager 3,02-05-2023,14153.69009,48948.55,0.33,538.00,66.00
771,CUST4780,ACC34821,Current,Deposit,Home Loan,Firm E,East,Manager 1,22-03-2024,50348.01121,121363.94,0.59,809.00,75.00
772,CUST1609,ACC71426,Savings,Withdrawal,Mutual Fund,Firm C,North,Manager 1,03-03-2023,69499.85618,36542.25,0.25,723.00,48.00
773,CUST4625,ACC45907,Current,Withdrawal,Savings Account,Firm A,South,Manager 3,26-10-2023,20892.92643,64555.00,0.42,825.00,66.00
774,CUST3006,ACC42710,Credit,Withdrawal,Personal Loan,Firm D,North,Manager 2,22-05-2024,42486.85263,96525.07,0.55,350.00,18.00
775,CUST5253,ACC28295,Current,Withdrawal,Home Loan,Firm C,South,Manager 4,16-10-2023,41771.19868,21644.29,0.59,841.00,42.00
776,CUST6837,ACC46655,Current,Deposit,Mutual Fund,Firm E,West,Manager 2,16-06-2024,-29563.97803,49810.33,0.52,466.00,150.00
777,CUST4461,ACC67713,Credit,Transfer,Home Loan,Firm A,South,Manager 2,23-03-2024,7058.786322,124776.13,0.58,769.00,55.00
778,CUST1189,ACC77638,Loan,Payment,Credit Card,Firm C,North,Manager 1,02-12-2023,67716.57249,103658.96,0.94,390.00,10.00
779,CUST7730,ACC39161,Credit,Withdrawal,Home Loan,Firm A,East,Manager 4,29-01-2024,51771.21268,25389.74,0.55,528.00,104.00
780,CUST3378,ACC54589,Loan,Deposit,Mutual Fund,Firm B,Central,Manager 3,05-03-2023,83335.81336,89446.19,-0.05,381.00,29.00
781,CUST3315,ACC96868,Savings,Transfer,Credit Card,Firm E,North,Manager 1,14-04-2023,97281.25099,76278.20,0.50,428.00,150.00
782,CUST1555,ACC22036,Credit,Payment,Savings Account,Firm C,West,Manager 1,08-04-2023,8407.717148,43153.11,0.56,728.00,176.00
783,CUST6391,ACC50817,Loan,Withdrawal,Credit Card,Firm B,West,Manager 3,24-11-2023,47309.85032,105310.28,0.42,610.00,130.00
784,CUST5320,ACC69323,Credit,Withdrawal,Credit Card,Firm E,West,Manager 2,24-10-2023,21729.42164,71305.76,0.68,716.00,69.00
785,CUST1776,ACC51971,Credit,Transfer,Credit Card,Firm B,East,Manager 1,03-03-2023,41874.30318,21636.03,0.34,698.00,238.00
786,CUST4679,ACC11285,Loan,Withdrawal,Personal Loan,Firm B,South,Manager 1,24-05-2024,77545.88069,106139.58,0.51,699.00,75.00
787,CUST1121,ACC92558,Loan,Transfer,Mutual Fund,Firm E,Central,Manager 2,15-05-2024,48734.57565,36663.43,0.19,354.00,235.00
788,CUST9535,ACC49395,Current,Deposit,Credit Card,Firm D,East,Manager 4,17-06-2023,15946.36466,58586.09,0.65,357.00,110.00
789,CUST3762,ACC49140,Current,Deposit,Home Loan,Firm C,West,Manager 2,15-05-2023,80810.26311,81697.14,0.36,843.00,11.00
790,CUST3778,ACC11062,Credit,Transfer,Home Loan,Firm E,North,Manager 4,22-08-2023,103375.3442,51672.12,0.81,341.00,32.00
791,CUST1776,ACC13357,Current,Transfer,Credit Card,Firm B,North,Manager 1,30-12-2023,27122.59886,93391.10,0.36,507.00,229.00
792,CUST7098,ACC88449,Credit,Payment,Personal Loan,Firm E,South,Manager 1,28-03-2024,57645.31465,67248.48,1.00,438.00,171.00
793,CUST9420,ACC87602,Loan,Withdrawal,Credit Card,Firm B,North,Manager 3,01-10-2023,11911.99869,111999.21,0.46,694.00,54.00
794,CUST6350,ACC32627,Savings,Deposit,Savings Account,Firm B,South,Manager 3,06-06-2023,-8741.340457,51354.60,0.80,734.00,26.00
795,CUST8288,ACC50817,Savings,Deposit,Credit Card,Firm A,East,Manager 4,20-10-2023,50251.14555,78474.07,0.80,381.00,147.00
796,CUST1376,ACC28612,Current,Payment,Home Loan,Firm A,West,Manager 2,02-04-2023,5888.075883,59561.54,0.44,665.00,67.00
797,CUST6029,ACC35419,Credit,Withdrawal,Credit Card,Firm A,East,Manager 4,28-11-2023,13670.6379,84765.89,0.48,776.00,64.00
798,CUST6082,ACC11285,Savings,Transfer,Mutual Fund,Firm D,Central,Manager 2,02-06-2024,80884.54137,119532.12,0.61,396.00,193.00
799,CUST1114,ACC29477,Current,Withdrawal,Home Loan,Firm D,North,Manager 4,06-11-2024,66885.11528,63060.59,-0.01,707.00,29.00
800,CUST4884,ACC57700,Credit,Deposit,Mutual Fund,Firm E,North,Manager 2,21-03-2024,53133.10495,5286.85,0.26,707.00,183.00
801,CUST3306,ACC55729,Credit,Withdrawal,Personal Loan,Firm D,North,Manager 2,29-05-2023,42566.35478,27723.11,0.88,748.00,170.00
802,CUST1913,ACC29477,Loan,Deposit,Savings Account,Firm A,Central,Manager 3,01-10-2023,46529.7813,112426.54,0.71,757.00,188.00
